<?xml version="1.0" encoding="UTF-8" standalone="yes"?>
<addon id="plugin.video.earthcam"
	name="EarthCam"
	version="3.2.1"
	provider-name="tvaddons.ag,idleloop">
  <requires>
    <import addon="xbmc.python" version="2.1.0"/>
  </requires>
  <extension point="xbmc.python.module" library="default.py" />    
  <extension point="xbmc.addon.metadata">
    <summary lang="en">EarthCam</summary>
    <description lang="en">EarthCam.com is the premiere network of scenic webcams and offers a complete database of interesting places and views from around the world. EarthCam.com is the worlds favorite webcam network and the EarthCam Network cameras have been seen on top news shows, including CNN Headline News.</description>
    <platform>all</platform>
    <forum>http://forums.tvaddons.ag/forums/113-TVADDONS-AG-ADDON-REPOSITORY</forum>
    <website>http://www.tvaddons.ag/</website>
  </extension>
</addon>
