﻿<?xml version="1.0" encoding="utf-8" standalone="yes"?>

<channel>
<items>


<item>
<title>[COLOR yellow][B]TV - Hải Ngoại[/B][/COLOR]</title>
<link>https://drive.google.com/uc?export=download&id=0B7zkkQwo5pr5ZFRiMkhxdWhUcms</link>
<thumbnail>https://googledrive.com/host/0B7zkkQwo5pr5fjVUZG5MRkhFalRKTHF0T0poZnd6aTZUbmx1ZDZWMkwtR3FHZFhtdTB4TTQ/tvhaingoai.png</thumbnail>
</item>

<item>
<title>[COLOR yellow][B]TV - UNO IPTV[/B][/COLOR]</title>
<link>https://drive.google.com/uc?export=download&id=0B7zkkQwo5pr5MC1oLXNMdlNVUHM</link>
<thumbnail>https://googledrive.com/host/0B7zkkQwo5pr5fjVUZG5MRkhFalRKTHF0T0poZnd6aTZUbmx1ZDZWMkwtR3FHZFhtdTB4TTQ/uno1.png</thumbnail>
</item>

<item>
<title>[COLOR yellow][B]TV - Trong Nước[/B][/COLOR]</title>
<link>https://drive.google.com/uc?export=download&id=0B7zkkQwo5pr5ZUpJTnBGMWRVSVU</link>
<thumbnail>https://googledrive.com/host/0B7zkkQwo5pr5fjVUZG5MRkhFalRKTHF0T0poZnd6aTZUbmx1ZDZWMkwtR3FHZFhtdTB4TTQ/tvtrongnuoc.png</thumbnail>
</item>

<item>
<title>[COLOR yellow][B]TV - U.S.A[/B][/COLOR]</title>
<link>https://drive.google.com/uc?export=download&id=0B7zkkQwo5pr5RzNrSnhmd05JZlk</link>
<thumbnail>https://googledrive.com/host/0B7zkkQwo5pr5fjVUZG5MRkhFalRKTHF0T0poZnd6aTZUbmx1ZDZWMkwtR3FHZFhtdTB4TTQ/tvusa.png</thumbnail>
</item>

<item>
<title>[COLOR yellow][B]Việt - TV[/B][/COLOR]</title>
<link>https://drive.google.com/uc?export=download&id=0B7zkkQwo5pr5QVhoa284VGFzNFE</link>
<thumbnail>https://googledrive.com/host/0B7zkkQwo5pr5fjVUZG5MRkhFalRKTHF0T0poZnd6aTZUbmx1ZDZWMkwtR3FHZFhtdTB4TTQ/othertv.png</thumbnail>
</item>

<item>
<title>[COLOR yellow][B]TV - Thế Giới[/B][/COLOR]</title>
<link>https://drive.google.com/uc?export=download&id=0B7zkkQwo5pr5cjluZTNKdFp0UjA</link>
<thumbnail>https://googledrive.com/host/0B7zkkQwo5pr5fjVUZG5MRkhFalRKTHF0T0poZnd6aTZUbmx1ZDZWMkwtR3FHZFhtdTB4TTQ/worldtv.png</thumbnail>
</item>

<item>
<title>[COLOR yellow][B]TV - ÂM NHẠC[/B][/COLOR]</title>
<link>https://drive.google.com/uc?export=download&id=0B7zkkQwo5pr5NVJqRHJjakdLVEE</link>
<thumbnail>https://googledrive.com/host/0B7zkkQwo5pr5fjVUZG5MRkhFalRKTHF0T0poZnd6aTZUbmx1ZDZWMkwtR3FHZFhtdTB4TTQ/kenhamnhac.png</thumbnail>
</item>

<item>
<title>[COLOR yellow][B]TV - THỂ THAO[/B][/COLOR]</title>
<link>https://drive.google.com/uc?export=download&id=0B7zkkQwo5pr5WXNMMHJpQnNFN28</link>
<thumbnail>https://googledrive.com/host/0B7zkkQwo5pr5fjVUZG5MRkhFalRKTHF0T0poZnd6aTZUbmx1ZDZWMkwtR3FHZFhtdTB4TTQ/kenhthethao.png</thumbnail>
</item>

<item>
<title>[COLOR yellow][B]Radio - FM[/B][/COLOR]</title>
<link>https://drive.google.com/uc?export=download&id=0B7zkkQwo5pr5ekdyYjB3cUhHZWM</link>
<thumbnail>https://googledrive.com/host/0B7zkkQwo5pr5fjVUZG5MRkhFalRKTHF0T0poZnd6aTZUbmx1ZDZWMkwtR3FHZFhtdTB4TTQ/radio.png</thumbnail>
</item>

<item>
<title>[COLOR yellow][B]Thiếu Nhi - Kids Place[/B][/COLOR]</title>
<link>https://drive.google.com/uc?export=download&id=0B7zkkQwo5pr5d29nTEJTT0RGTHM</link>
<thumbnail>https://googledrive.com/host/0B7zkkQwo5pr5fjVUZG5MRkhFalRKTHF0T0poZnd6aTZUbmx1ZDZWMkwtR3FHZFhtdTB4TTQ/kenhthieunhi.png</thumbnail>
</item>

<item>
<title>[COLOR yellow][B]Video Music - Ca Nhạc[/B][/COLOR]</title>
<link>https://drive.google.com/uc?export=download&id=0B7zkkQwo5pr5dkpjUnl0dkpfUkk</link>
<thumbnail>https://googledrive.com/host/0B7zkkQwo5pr5fjVUZG5MRkhFalRKTHF0T0poZnd6aTZUbmx1ZDZWMkwtR3FHZFhtdTB4TTQ/videomusic.png</thumbnail>
</item>

<item>
<title>[COLOR yellow][B]Movies - Phim Truyện[/B][/COLOR]</title>
<link>https://drive.google.com/uc?export=download&id=0B7zkkQwo5pr5bUZZT0NUN21yN1k</link>
<thumbnail>https://googledrive.com/host/0B7zkkQwo5pr5fjVUZG5MRkhFalRKTHF0T0poZnd6aTZUbmx1ZDZWMkwtR3FHZFhtdTB4TTQ/phimle.png</thumbnail>
</item>

<item>
<title>[COLOR yellow][B]Tin Tức Mỗi Ngày[/B][/COLOR]</title>
<link>https://drive.google.com/uc?export=download&id=0B7zkkQwo5pr5ZTlTbUpMSGdtTXc</link>
<thumbnail>https://googledrive.com/host/0B7zkkQwo5pr5fjVUZG5MRkhFalRKTHF0T0poZnd6aTZUbmx1ZDZWMkwtR3FHZFhtdTB4TTQ/tintuc.png</thumbnail>
</item>

<item>
<title>[COLOR yellow][COLOR yellow][B]Du Lịch - Khám Phá[/B][/COLOR]</title>
<link>https://drive.google.com/uc?export=download&id=0B7zkkQwo5pr5WVMtenVXSElwVG8</link>
<thumbnail>https://googledrive.com/host/0B7zkkQwo5pr5fjVUZG5MRkhFalRKTHF0T0poZnd6aTZUbmx1ZDZWMkwtR3FHZFhtdTB4TTQ/dulich1.png</thumbnail>
</item>

<item>
<title>[COLOR yellow][B]Giải Trí Tổng Hợp[/B][/COLOR]</title>
<link>https://drive.google.com/uc?export=download&id=0B7zkkQwo5pr5eERlLXBLMXM3bVk</link>
<thumbnail>https://googledrive.com/host/0B7zkkQwo5pr5fjVUZG5MRkhFalRKTHF0T0poZnd6aTZUbmx1ZDZWMkwtR3FHZFhtdTB4TTQ/tvshow1.png</thumbnail>
</item>

<item>
<title>[COLOR yellow][B]Karaoke[/B][/COLOR]</title>
<link>https://drive.google.com/uc?export=download&id=0B7zkkQwo5pr5OHYtVWlHVEg5TTg</link>
<thumbnail>https://googledrive.com/host/0B7zkkQwo5pr5fjVUZG5MRkhFalRKTHF0T0poZnd6aTZUbmx1ZDZWMkwtR3FHZFhtdTB4TTQ/karaoke.png</thumbnail>
</item>

<item>
<title>[COLOR yellow][B]Youtube - Dailymotion[/B][/COLOR]</title>
<link>https://drive.google.com/uc?export=download&id=0B7zkkQwo5pr5Nnh5MXpQQlJSdUU</link>
<thumbnail>https://googledrive.com/host/0B7zkkQwo5pr5fjVUZG5MRkhFalRKTHF0T0poZnd6aTZUbmx1ZDZWMkwtR3FHZFhtdTB4TTQ/search.png</thumbnail>
</item>

<item>
<title>[COLOR yellow][B]Testing Channels[/B][/COLOR]</title>
<link>https://drive.google.com/uc?export=download&id=0B7zkkQwo5pr5a2xuLVY1WGNFOTA</link>
<thumbnail>https://googledrive.com/host/0B7zkkQwo5pr5fjVUZG5MRkhFalRKTHF0T0poZnd6aTZUbmx1ZDZWMkwtR3FHZFhtdTB4TTQ/testing.png</thumbnail>
</item>



</items>
</channel>

























