<?xml version="1.0" encoding="UTF-8" standalone="yes"?>
<addon id="plugin.video.livetvinternational"
       name=" **[COLOR yellow]Live TV-International[/COLOR]"
       version="2.2.26"
       provider-name="Vinh Computer Repair">
  <requires>
    <import addon="xbmc.python" version="2.1.0" optional="true" />
	<import addon="script.module.simplejson" />
	<import addon="script.module.simple.downloader" version="1.9.4" />
	<import addon="repository.kodi4vn" />
  </requires>
  <extension point="xbmc.python.pluginsource" library="default.py">
        <provides>video</provides>
  </extension>
  <extension point="xbmc.addon.metadata">
    <summary>Modified Addon</summary>
    <description>[COLOR lime][B]Watch a top selection of International TV channels[/B][/COLOR]</description>
	<disclaimer lang="en">This add-on is streamming video from the Internet.  This is not responsible for the accuracy, compliance, copyright, legality, decency, or any other aspect of the content of the sites. If you have any legal issues please contact appropriate media file owners / hosters</disclaimer>
    <platform>all</platform>
  </extension>
</addon>