<?xml version="1.0" encoding="UTF-8" standalone="yes"?>
<addon
  id="plugin.video.hayhaytv"
  version="1.4.1"
  name="*[COLOR yellow]HayHay-TV.vn[/COLOR]"
  provider-name="Vinh Modded from Thong">
  <requires>
    <import addon="xbmc.python" version="2.1.0"/>
  </requires>
  <extension point="xbmc.python.module" library="default.py" />
  <extension point="xbmc.addon.metadata">
    <summary>hayhaytv</summary>
    <description>Watch free hayhaytv.vn (Vietnamese) Videos</description>
    <platform>all</platform>
  </extension>
</addon>