<?xml version="1.0" encoding="UTF-8" standalone="yes"?>
	<addon id="plugin.video.xomgiaitri" version="1.7.3" name="XomGiaiTri" provider-name="V137">
		<requires>
			<import addon="xbmc.python" version="2.1.0"/>
		</requires>
		<extension point="xbmc.python.pluginsource" library="default.py">
			<provides>video</provides>
		</extension>
		<extension point="xbmc.addon.metadata">
			<summary>XomGiaiTri</summary>
			<description>XomGiaiTri (Vietnamese)</description>
			<platform>all</platform>
		</extension>
	</addon>