<addon id="plugin.video.moviebox" name="*[COLOR yellow]Movie-Box[/COLOR]" provider-name="Vinh Computer Repair" version="1.6.1">
  <requires>
    <import addon="xbmc.python" version="2.1.0" />
    <import addon="script.module.xbmcswift2" version="1.3.1" />
    <import addon="plugin.video.youtube" version="4.4.1" />
  </requires>
  <extension library="default.py" point="xbmc.python.pluginsource"/>
  <extension point="xbmc.addon.metadata">
    <platform>all</platform>
    <summary>Unofficial Kodi addon of MovieBox Android app</summary>
    <description>Unofficial Kodi addon of MovieBox Android app</description>
  </extension>
</addon>