<?xml version="1.0" encoding="UTF-8" standalone="yes"?>
<addon
  id="plugin.video.vtvplus"
  version="1.5"
  name="*[COLOR yellow]VTV-Plus[/COLOR]"
  provider-name="Vinh Computer Repair">
  <requires>
    <import addon="xbmc.python" version="2.1.0"/>
    <import addon="script.module.xbmcswift2" version="1.3.1" />
  </requires>
  <extension point="xbmc.python.pluginsource" library="default.py">
        <provides>video</provides>
  </extension>
  <extension point="xbmc.addon.metadata">
    <summary>VTV Plus Online</summary>
    <description>Watch vtvplus.vn (Vietnamese) Channels (VIP account required)</description>
    <platform>all</platform>
  </extension>
</addon>