﻿<?xml version="1.0" encoding="utf-8" standalone="yes"?>

<channel>
<items>

<item>
<title>[COLOR yellow][B]Vinh - Live TV[/B][/COLOR]</title>
<link>plugin://plugin.video.vinh.livetv/</link>
<thumbnail>https://raw.githubusercontent.com/vinhcomp/xml/master/repository.vinh/vinhlivetv.png</thumbnail>
</item>

<item>
<title>[COLOR yellow][B]TV - Hải Ngoại[/B][/COLOR]</title>
<link>plugin://plugin.video.vinh.livetv/section/431870397@18oBXoKaL64nx7tdKe0yqEdnRHabdfZS4iHfRT44Fnwg/%5BB%5D%5BCOLOR+red%5D%5BLIVE%5D+%5B%2FCOLOR%5D%5BCOLOR+yellow%5DTV+-+H%E1%BA%A3i+Ngo%E1%BA%A1i%5B%2FCOLOR%5D%5B%2FB%5D&quot</link>
<thumbnail>https://raw.githubusercontent.com/vinhcomp/xml/master/repository.vinh/tvhaingoai.png</thumbnail>
</item>

<item>
<title>[COLOR yellow][B]TV - Trong Nước[/B][/COLOR]</title>
<link>plugin://plugin.video.vinh.livetv/section/710292320@18oBXoKaL64nx7tdKe0yqEdnRHabdfZS4iHfRT44Fnwg/%5BB%5D%5BCOLOR+red%5D%5BLIVE%5D+%5B%2FCOLOR%5D%5BCOLOR+yellow%5DTV+-+Trong+N%C6%B0%E1%BB%9Bc%5B%2FCOLOR%5D%5B%2FB%5D&quot</link>
<thumbnail>https://raw.githubusercontent.com/vinhcomp/xml/master/repository.vinh/tvtrongnuoc.png</thumbnail>
</item>

<item>
<title>[COLOR yellow][B]TV - U.S.A[/B][/COLOR]</title>
<link>plugin://plugin.video.vinh.livetv/section/1588493991@18oBXoKaL64nx7tdKe0yqEdnRHabdfZS4iHfRT44Fnwg/%5BB%5D%5BCOLOR+red%5D%5BLIVE%5D+%5B%2FCOLOR%5D%5BCOLOR+yellow%5DTV+-+USA%5B%2FCOLOR%5D%5B%2FB%5D&quot</link>
<thumbnail>https://raw.githubusercontent.com/vinhcomp/xml/master/repository.vinh/tvusa.png</thumbnail>
</item>

<item>
<title>[COLOR yellow][B]Video Music - Ca Nhạc[/B][/COLOR]</title>
<link>plugin://plugin.video.vinh.livetv/section/201332109@18oBXoKaL64nx7tdKe0yqEdnRHabdfZS4iHfRT44Fnwg/%5BB%5D%5BCOLOR+lime%5D%5BMUSIC%5D%5B%2FCOLOR%5D+-+%5BCOLOR+yellow%5D%C3%82m+Nh%E1%BA%A1c%5B%2FCOLOR%5D%5B%2FB%5D&quot</link>
<thumbnail>https://raw.githubusercontent.com/vinhcomp/xml/master/repository.vinh/videomusic.png</thumbnail>
</item>

<item>
<title>[COLOR yellow][B]Movies - Phim Truyện[/B][/COLOR]</title>
<link>plugin://plugin.video.vinh.livetv/section/1273838210@18oBXoKaL64nx7tdKe0yqEdnRHabdfZS4iHfRT44Fnwg/%5BB%5D%5BCOLOR+aqua%5D%5BMOVIES%5D%5B%2FCOLOR%5D%5B%2FB%5D+-+Phim+Truy%E1%BB%87n&quot</link>
<thumbnail>https://raw.githubusercontent.com/vinhcomp/xml/master/repository.vinh/phimle.png</thumbnail>
</item>

<item>
<title>[COLOR yellow][B]TV - THỂ THAO[/B][/COLOR]</title>
<link>plugin://plugin.video.vinh.livetv/section/2025498656@18oBXoKaL64nx7tdKe0yqEdnRHabdfZS4iHfRT44Fnwg/%5BB%5D%5BCOLOR+lime%5D%5BSPORTS%5D%5B%2FCOLOR%5D+-+%5BCOLOR+yellow%5DTh%E1%BB%83+Thao%5B%2FCOLOR%5D%5B%2FB%5D&quot</link>
<thumbnail>https://raw.githubusercontent.com/vinhcomp/xml/master/repository.vinh/kenhthethao.png</thumbnail>
</item>

<item>
<title>[COLOR yellow][B]Youtube - Dailymotion[/B][/COLOR]</title>
<link>plugin://plugin.video.youtube/kodion/search/list</link>
<thumbnail>https://raw.githubusercontent.com/vinhcomp/xml/master/repository.vinh/search.png</thumbnail>
</item>

<item>
<title>[COLOR yellow][B]Thiếu Nhi - Kids Place[/B][/COLOR]</title>
<link>plugin://plugin.video.vinh.livetv/section/150647079@18oBXoKaL64nx7tdKe0yqEdnRHabdfZS4iHfRT44Fnwg/%5BB%5D%5BCOLOR+lime%5D%5BKIDS%5D%5B%2FCOLOR%5D+-+%5BCOLOR+yellow%5DThi%E1%BA%BFu+Nhi%5B%2FCOLOR%5D%5B%2FB%5D&quot</link>
<thumbnail>https://raw.githubusercontent.com/vinhcomp/xml/master/repository.vinh/kenhthieunhi.png</thumbnail>
</item>

<item>
<title>[COLOR yellow][B]Giải Trí Tổng Hợp[/B][/COLOR]</title>
<link>plugin://plugin.video.vinh.livetv/section/1081818025@18oBXoKaL64nx7tdKe0yqEdnRHabdfZS4iHfRT44Fnwg/%5BB%5D%5BCOLOR+yellow%5DGi%E1%BA%A3i+Tr%C3%AD+T%E1%BB%95ng+H%E1%BB%A3p%5B%2FCOLOR%5D%5B%2FB%5D&quot</link>
<thumbnail>https://raw.githubusercontent.com/vinhcomp/xml/master/repository.vinh/tvshow1.png</thumbnail>
</item>

<item>
<title>[COLOR yellow][B]Karaoke[/B][/COLOR]</title>
<link>plugin://plugin.video.vinh.livetv/section/1635423659@18oBXoKaL64nx7tdKe0yqEdnRHabdfZS4iHfRT44Fnwg/%5BB%5D%5BCOLOR+lime%5DKARAOKE%5B%2FCOLOR%5D%5B%2FB%5D&quot</link>
<thumbnail>https://raw.githubusercontent.com/vinhcomp/xml/master/repository.vinh/karaoke.png</thumbnail>
</item>

<item>
<title>[COLOR yellow][B]Testing Channels[/B][/COLOR]</title>
<link>https://raw.githubusercontent.com/vinhcomp/xml/master/xml/testing.xml</link>
<thumbnail>https://raw.githubusercontent.com/vinhcomp/xml/master/repository.vinh/testing.png</thumbnail>
</item>



</items>
</channel>

























