<?xml version="1.0" encoding="UTF-8" standalone="yes"?>
<addon id="script.module.metahandler" name="metahandler" version="5.0.1.1" provider-name="Eldorado">
	<requires>
		<import addon="xbmc.python" version="2.1.0" />
		<import addon="script.module.six" />
		<import addon="script.module.simplejson" />
		<import addon="script.module.myconnpy" />
	</requires>
	<extension point="xbmc.python.module" library="lib" />
	<extension point="xbmc.python.pluginsource" library="lib/default.py" />
	<extension point="xbmc.addon.metadata">
		<platform>all</platform>
		<summary lang="en">Downloads Artwork for TV shows, Movies and Music videos for addons and stores them in a local SQLITE database</summary>
		<description lang="en">Queries, stores, and returns metadata for TV shows, Movies and Musicvideos. [CR]Sources:[CR]www.thetvdb.com[CR]www.themoviedb.org[CR]www.imdb.com[CR]www.omdbapi.com[CR]This product uses the TMDb API but is not endorsed or certified by TMDb.</description>
		<disclaimer lang="en"></disclaimer>
		<language></language>
		<license>GNU GENERAL PUBLIC LICENSE. Version 2, June 1991</license>
		<forum></forum>
		<website></website>
		<email></email>
		<source></source>
		<assets>
			<icon>icon.png</icon>
			<fanart></fanart>
			<screenshot></screenshot>
		</assets>
		<news>
[B]Version 5.0.1[/B]
- Fixed settings.xml version preventing setting UI from showing in Kodiunder Matrix
		</news>
	</extension>
</addon>
