<favourites>
	<favourite name="[COLOR red]SEARCH[/COLOR]" thumb="https://raw.githubusercontent.com/vinhcomp/xml/master/repository.vinh/kenhthieunhi.png">ActivateWindow(10025,&quot;plugin://plugin.video.youtube/kodion/search/list/&quot;,return)</favourite>
	<favourite name="[COLOR yellow]Cartoon[/COLOR]" thumb="https://raw.githubusercontent.com/vinhcomp/xml/master/repository.vinh/kenhthieunhi.png">ActivateWindow(10025,&quot;plugin://plugin.video.youtube/kodion/search/query/?q=cartoon&amp;search_type=playlist&quot;,return)</favourite>
	<favourite name="[COLOR yellow]Disney XD[/COLOR]" thumb="https://yt3.ggpht.com/a-/AAuE7mAqhGZUoVYJGcbH3tDNcQuxom659PQKKU9gZQ=s176-c-k-c0x00ffffff-no-rj-mo">ActivateWindow(10025,&quot;plugin://plugin.video.youtube/kodion/search/query/?q=disney%20xd&amp;search_type=playlist&quot;,return)</favourite>
	<favourite name="[COLOR yellow]Disney Channel[/COLOR]" thumb="https://yt3.ggpht.com/a-/AAuE7mBYiA63XabYNgDXCkGXmDlaYeCznD0HYjPjZQ=s288-mo-c-c0xffffffff-rj-k-no">ActivateWindow(10025,&quot;plugin://plugin.video.youtube/kodion/search/query/?q=disney%20channel&amp;search_type=playlist&quot;,return)</favourite>
	<favourite name="[COLOR yellow]Tom and Jerry[/COLOR]" thumb="https://images-na.ssl-images-amazon.com/images/I/51v9mZqOqhL._SX425_.jpg">ActivateWindow(10025,&quot;plugin://plugin.video.youtube/kodion/search/query/?q=tom%20and%20jerry&amp;search_type=playlist&quot;,return)</favourite>
	<favourite name="[COLOR yellow]Larva Cartoon[/COLOR]" thumb="https://i.pinimg.com/originals/2e/7a/40/2e7a402c1481df2720c33d87b71876f4.jpg">ActivateWindow(10025,&quot;plugin://plugin.video.youtube/kodion/search/query/?q=larva%20cartoon&amp;search_type=playlist&quot;,return)</favourite>
	<favourite name="[COLOR yellow]Bé Xuân Mai[/COLOR]" thumb="https://images-na.ssl-images-amazon.com/images/I/51IATY0Lu8L._SS500.jpg">ActivateWindow(10025,&quot;plugin://plugin.video.youtube/kodion/search/query/?q=be%20xuan%20mai&amp;search_type=playlist&quot;,return)</favourite>
	<favourite name="[COLOR yellow]Bé Bảo An[/COLOR]" thumb="https://yt3.ggpht.com/a-/AAuE7mCoZShWhdiyfStCem-L1-3irbUaaU6vMiS0DQ=s88-mo-c-c0xffffffff-rj-k-no">ActivateWindow(10025,&quot;plugin://plugin.video.youtube/kodion/search/query/?q=be%20bao%20an&amp;search_type=playlist&quot;,return)</favourite>
	<favourite name="[COLOR yellow]Truyện Cổ Tích[/COLOR]" thumb="https://yt3.ggpht.com/a-/AAuE7mB4RteAwFn2Pbhrfb1ILlqJ8TPtkck69xm6Uw=s88-mo-c-c0xffffffff-rj-k-no">ActivateWindow(10025,&quot;plugin://plugin.video.youtube/kodion/search/query/?q=truyen%20co%20tich&amp;search_type=playlist&quot;,return)</favourite>
	<favourite name="[COLOR yellow]Kịch Thiếu Nhi[/COLOR]" thumb="https://yt3.ggpht.com/a-/AAuE7mCnbYKTUxjAdeQV9ExRONX-Y6E3yDvuAaw5HQ=s88-mo-c-c0xffffffff-rj-k-no">ActivateWindow(10025,&quot;plugin://plugin.video.youtube/kodion/search/query/?q=kich%20thieu%20nhi&amp;search_type=playlist&quot;,return)</favourite>
</favourites>