﻿<?xml version="1.0" encoding="utf-8" standalone="yes"?>

<channel>
<items>


<item>
<title>[COLOR yellow][B]Movies[/B][/COLOR]</title>
<link>https://raw.githubusercontent.com/vinhcomp/xml/master/xml/movies.xml</link>
<thumbnail>https://raw.githubusercontent.com/vinhcomp/xml/master/repository.vinh/phimle.png</thumbnail>
</item>

<item>
<title>[COLOR yellow][B]SPORTS - TV[/B][/COLOR]</title>
<link>https://raw.githubusercontent.com/vinhcomp/xml/master/xml/kenhthethao.xml</link>
<thumbnail>https://raw.githubusercontent.com/vinhcomp/xml/master/repository.vinh/kenhthethao.png</thumbnail>
</item>

<item>
<title>[COLOR yellow][B]Youtube - Dailymotion[/B][/COLOR]</title>
<link>https://raw.githubusercontent.com/vinhcomp/xml/master/xml/search.xml</link>
<thumbnail>https://raw.githubusercontent.com/vinhcomp/xml/master/repository.vinh/search.png</thumbnail>
</item>

<item>
<title>[COLOR yellow][B]World - TV[/B][/COLOR]</title>
<link>https://raw.githubusercontent.com/vinhcomp/xml/master/xml/tvworld.xml</link>
<thumbnail>https://raw.githubusercontent.com/vinhcomp/xml/master/repository.vinh/worldtv.png</thumbnail>
</item>

<item>
<title>[COLOR yellow][B]U.S.A - TV[/B][/COLOR]</title>
<link>https://raw.githubusercontent.com/vinhcomp/xml/master/xml/tvusa.xml</link>
<thumbnail>https://raw.githubusercontent.com/vinhcomp/xml/master/repository.vinh/tvusa.png</thumbnail>
</item>

<item>
<title>[COLOR yellow][B]Arabic - TV[/B][/COLOR]</title>
<link>https://raw.githubusercontent.com/vinhcomp/xml/master/xml/arabic.xml</link>
<thumbnail>https://raw.githubusercontent.com/vinhcomp/xml/master/repository.vinh/arabic.png</thumbnail>
</item>

<item>
<title>[COLOR yellow][B]Africa - TV[/B][/COLOR]</title>
<link>https://raw.githubusercontent.com/vinhcomp/xml/master/xml/africatv.xml</link>
<thumbnail>https://raw.githubusercontent.com/vinhcomp/xml/master/repository.vinh/africatv2.png</thumbnail>
</item>

<item>
<title>[COLOR yellow][B]India - TV[/B][/COLOR]</title>
<link>https://raw.githubusercontent.com/vinhcomp/xml/master/xml/indiatv.xml</link>
<thumbnail>https://raw.githubusercontent.com/vinhcomp/xml/master/repository.vinh/indiatv.png</thumbnail>
</item>

<item>
<title>[COLOR yellow][B]China - TV[/B][/COLOR]</title>
<link>https://raw.githubusercontent.com/vinhcomp/xml/master/xml/tvchina.xml</link>
<thumbnail>https://raw.githubusercontent.com/vinhcomp/xml/master/repository.vinh/tvchina.png</thumbnail>
</item>

<item>
<title>[COLOR yellow][B]Khmer - TV[/B][/COLOR]</title>
<link>https://raw.githubusercontent.com/vinhcomp/xml/master/xml/khmertv.xml</link>
<thumbnail>https://raw.githubusercontent.com/vinhcomp/xml/master/repository.vinh/khmertv2.png</thumbnail>
</item>

<item>
<title>[COLOR yellow][B]Thailand - TV[/B][/COLOR]</title>
<link>https://raw.githubusercontent.com/vinhcomp/xml/master/xml/thailandtv.xml</link>
<thumbnail>https://raw.githubusercontent.com/vinhcomp/xml/master/repository.vinh/thailandtv.png</thumbnail>
</item>

<item>
<title>[COLOR yellow][B]Spanish - TV[/B][/COLOR]</title>
<link>https://raw.githubusercontent.com/vinhcomp/xml/master/xml/spanishtv.xml</link>
<thumbnail>https://raw.githubusercontent.com/vinhcomp/xml/master/repository.vinh/spanish.png</thumbnail>
</item>

<item>
<title>[COLOR yellow][B]Indonesia - TV[/B][/COLOR]</title>
<link>https://raw.githubusercontent.com/vinhcomp/xml/master/xml/indonesiatv.xml</link>
<thumbnail>https://raw.githubusercontent.com/vinhcomp/xml/master/repository.vinh/indonesia.png</thumbnail>
</item>

<item>
<title>[COLOR yellow][B]Iran - TV[/B][/COLOR]</title>
<link>https://raw.githubusercontent.com/vinhcomp/xml/master/xml/irantv.xml</link>
<thumbnail>https://raw.githubusercontent.com/vinhcomp/xml/master/repository.vinh/iran.png</thumbnail>
</item>

<item>
<title>[COLOR yellow][B]MUSIC - TV[/B][/COLOR]</title>
<link>https://raw.githubusercontent.com/vinhcomp/xml/master/xml/kenhamnhac.xml</link>
<thumbnail>https://raw.githubusercontent.com/vinhcomp/xml/master/repository.vinh/kenhamnhac.png</thumbnail>
</item>

<item>
<title>[COLOR yellow][B]KIDS PLACE[/B][/COLOR]</title>
<link>https://raw.githubusercontent.com/vinhcomp/xml/master/xml/kenhthieunhi.xml</link>
<thumbnail>https://raw.githubusercontent.com/vinhcomp/xml/master/repository.vinh/kenhthieunhi.png</thumbnail>
</item>

<item>
<title>[COLOR yellow][B]International - Entertainment[/B][/COLOR]</title>
<link>https://raw.githubusercontent.com/vinhcomp/xml/master/xml/entertainment.xml</link>
<thumbnail>https://raw.githubusercontent.com/vinhcomp/xml/master/repository.vinh/tvshow1.png</thumbnail>
</item>

<item>
<title>[COLOR yellow][B]Testing Channels[/B][/COLOR]</title>
<link>https://raw.githubusercontent.com/vinhcomp/xml/master/xml/testing.xml</link>
<thumbnail>https://raw.githubusercontent.com/vinhcomp/xml/master/repository.vinh/testing.png</thumbnail>
</item>



</items>
</channel>

























