<?xml version="1.0" encoding="UTF-8" standalone="yes"?>
<addon
  id="plugin.video.kodi4vn.launcher"
  version="0.6.1"
  name="*[COLOR yellow]Kodi4VN Launcher[/COLOR]"
  provider-name="kodi4vn">
  <requires>
    <import addon="xbmc.python" version="2.1.0"/>
    <import addon="script.module.xbmcswift2" version="1.3.1" />
    <import addon="plugin.video.youtube" version="4.4.1" />
    <import addon="script.module.requests" version="1.0" />
  </requires>
  <extension point="xbmc.python.pluginsource" library="default.py"/>
  <extension point="xbmc.addon.metadata">
    <summary>VietTV24.com</summary>
    <description>Watch hundreds of Vietnamesse and English channels from viettv24.com</description>
    <platform>all</platform>
  </extension>
</addon>