<?xml version="1.0" encoding="UTF-8"?>
<addon id="plugin.video.youtube.playlists" name="*[COLOR yellow]VIP-Playlists[/COLOR]" version="1.4.1" provider-name="Vinh Modded from Thong">
    <requires>
        <import addon="xbmc.python" version="2.1.0"/>
    </requires>
    <extension point="xbmc.python.module" library="default.py" />
    <extension point="xbmc.addon.metadata">
        <platform>all</platform>
        <summary lang="en">Watch VIP YouTube Playlists</summary>
        <language></language>
        <description lang="en">Watch VIP YouTube Playlists</description>
    </extension>
</addon>
