<favourites>
	<favourite name="Premium Cable Channels" thumb="http://www.blackbox247.com/images/TV-Cables-logo.JPG">ActivateWindow(10025,&quot;plugin://plugin.video.ccloudtv/?iconimage=C%3a%5cUsers%5chtran%5cAppData%5cRoaming%5cKodi%5caddons%5cplugin.video.ccloudtv%5cresources%2ficons%2f%2fenglish.png&amp;mode=62&amp;name=%5bCOLOR%20royalblue%5d%5bB%5dEnglish%5b%2fB%5d%5b%2fCOLOR%5d&amp;url=english&quot;,return)</favourite>
	<favourite name="News Channels" thumb="http://z3technology.com/cmsCart//upload/Resources/News%20Icon.png">ActivateWindow(10025,&quot;plugin://plugin.video.ccloudtv/?iconimage=C%3a%5cUsers%5chtran%5cAppData%5cRoaming%5cKodi%5caddons%5cplugin.video.ccloudtv%5cresources%2ficons%2f%2fnews.png&amp;mode=53&amp;name=%5bCOLOR%20royalblue%5d%5bB%5dNews%5b%2fB%5d%5b%2fCOLOR%5d&amp;url=news&quot;,return)</favourite>
	<favourite name="Sports Channels" thumb="http://www.blackbox247.com/images/Sports-Channels1.jpg">ActivateWindow(10025,&quot;plugin://plugin.video.ccloudtv/?iconimage=C%3a%5cUsers%5chtran%5cAppData%5cRoaming%5cKodi%5caddons%5cplugin.video.ccloudtv%5cresources%2ficons%2f%2fsports.png&amp;mode=52&amp;name=%5bCOLOR%20royalblue%5d%5bB%5dSports%5b%2fB%5d%5b%2fCOLOR%5d&amp;url=sports&quot;,return)</favourite>
	<favourite name="Family &amp; Kids Channels " thumb="special://home/addons/plugin.video.ccloudtv/resources/icons//family.png">ActivateWindow(10025,&quot;plugin://plugin.video.ccloudtv/?iconimage=C%3a%5cUsers%5chtran%5cAppData%5cRoaming%5cKodi%5caddons%5cplugin.video.ccloudtv%5cresources%2ficons%2f%2ffamily.png&amp;mode=56&amp;name=%5bCOLOR%20royalblue%5d%5bB%5dFamily%5b%2fB%5d%5b%2fCOLOR%5d&amp;url=family&quot;,return)</favourite>
	<favourite name="Latino &amp; International Cable Channels" thumb="http://www.blackbox247.com/images/Latino-Channels.gif">ActivateWindow(10025,&quot;plugin://plugin.video.ccloudtv/?iconimage=C%3a%5cUsers%5chtran%5cAppData%5cRoaming%5cKodi%5caddons%5cplugin.video.ccloudtv%5cresources%2ficons%2f%2finternational.png&amp;mode=64&amp;name=%5bCOLOR%20royalblue%5d%5bB%5dNon-English%2fInternational%5b%2fB%5d%5b%2fCOLOR%5d&amp;url=international&quot;,return)</favourite>
	<favourite name="Pay-Per-View 500+ Movies" thumb="http://www.blackbox247.com/images/PPV_logo.png">ActivateWindow(10025,&quot;plugin://plugin.video.ccloudtv/?iconimage=C%3a%5cUsers%5chtran%5cAppData%5cRoaming%5cKodi%5caddons%5cplugin.video.ccloudtv%5cresources%2ficons%2f%2fondemandmovies.png&amp;mode=59&amp;name=%5bCOLOR%20royalblue%5d%5bB%5dOn%20Demand%20Movies%5b%2fB%5d%5b%2fCOLOR%5d&amp;url=ondemandmovies&quot;,return)</favourite>
	<favourite name="Entertainment Channels" thumb="http://www.blackbox247.com/images/Entertainment-Channels.gif">ActivateWindow(10025,&quot;plugin://plugin.video.ccloudtv/?iconimage=C%3a%5cUsers%5chtran%5cAppData%5cRoaming%5cKodi%5caddons%5cplugin.video.ccloudtv%5cresources%2ficons%2f%2fentertainment.png&amp;mode=55&amp;name=%5bCOLOR%20royalblue%5d%5bB%5dEntertainment%5b%2fB%5d%5b%2fCOLOR%5d&amp;url=entertainment&quot;,return)</favourite>
	<favourite name="HBO_Cinemax_Starz..." thumb="http://www.blackbox247.com/images/PremiumChannels.png">ActivateWindow(10025,&quot;plugin://plugin.video.ccloudtv/?iconimage=C%3a%5cUsers%5chtran%5cAppData%5cRoaming%5cKodi%5caddons%5cplugin.video.ccloudtv%5cresources%2ficons%2f%2ftwentyfourseven.png&amp;mode=60&amp;name=%5bCOLOR%20royalblue%5d%5bB%5d24%2f7%20Channels%5b%2fB%5d%5b%2fCOLOR%5d&amp;url=24&quot;,return)</favourite>
	<favourite name="MTV * Music Channels" thumb="http://www.blackbox247.com/images/MTV-Logo.jpg">ActivateWindow(10025,&quot;plugin://plugin.video.ccloudtv/?iconimage=C%3a%5cUsers%5chtran%5cAppData%5cRoaming%5cKodi%5caddons%5cplugin.video.ccloudtv%5cresources%2ficons%2f%2fmusic.png&amp;mode=58&amp;name=%5bCOLOR%20royalblue%5d%5bB%5dMusic%5b%2fB%5d%5b%2fCOLOR%5d&amp;url=music&quot;,return)</favourite>
</favourites>