<favourites>
	<favourite name="[COLOR blue][B]Live TV Channels[/B][/COLOR]" thumb="special://home/addons/plugin.video.ccloudtv/resources/icons//english.png">ActivateWindow(10025,&quot;plugin://plugin.video.ccloudtv/?iconimage=%2fstorage%2femulated%2f0%2fAndroid%2fdata%2forg.xbmc.kodi%2ffiles%2f.kodi%2faddons%2fplugin.video.ccloudtv%2fresources%2ficons%2f%2fenglish.png&amp;mode=62&amp;name=%5bCOLOR%20royalblue%5d%5bB%5dEnglish%5b%2fB%5d%5b%2fCOLOR%5d&amp;url=english&quot;,return)</favourite>
	<favourite name="[COLOR yellow][B]News Channels[/B][/COLOR]" thumb="http://z3technology.com/cmsCart//upload/Resources/News%20Icon.png">ActivateWindow(10025,&quot;plugin://plugin.video.ccloudtv/?iconimage=C%3a%5cUsers%5chtran%5cAppData%5cRoaming%5cKodi%5caddons%5cplugin.video.ccloudtv%5cresources%2ficons%2f%2fnews.png&amp;mode=53&amp;name=%5bCOLOR%20royalblue%5d%5bB%5dNews%5b%2fB%5d%5b%2fCOLOR%5d&amp;url=news&quot;,return)</favourite>
	<favourite name="[COLOR orange][B]Sports Channels[/B][/COLOR]" thumb="http://www.blackbox247.com/images/Sports-Channels1.jpg">ActivateWindow(10025,&quot;plugin://plugin.video.ccloudtv/?iconimage=C%3a%5cUsers%5chtran%5cAppData%5cRoaming%5cKodi%5caddons%5cplugin.video.ccloudtv%5cresources%2ficons%2f%2fsports.png&amp;mode=52&amp;name=%5bCOLOR%20royalblue%5d%5bB%5dSports%5b%2fB%5d%5b%2fCOLOR%5d&amp;url=sports&quot;,return)</favourite>
	<favourite name="[COLOR purple][B]Family &amp; Kids Channels[/B][/COLOR]" thumb="special://home/addons/plugin.video.ccloudtv/resources/icons//family.png">ActivateWindow(10025,&quot;plugin://plugin.video.ccloudtv/?iconimage=C%3a%5cUsers%5chtran%5cAppData%5cRoaming%5cKodi%5caddons%5cplugin.video.ccloudtv%5cresources%2ficons%2f%2ffamily.png&amp;mode=56&amp;name=%5bCOLOR%20royalblue%5d%5bB%5dFamily%5b%2fB%5d%5b%2fCOLOR%5d&amp;url=family&quot;,return)</favourite>
	<favourite name="[COLOR pink][B]Latino &amp; International Cable Channels[/B][/COLOR]" thumb="http://www.blackbox247.com/images/Latino-Channels.gif">ActivateWindow(10025,&quot;plugin://plugin.video.ccloudtv/?iconimage=C%3a%5cUsers%5chtran%5cAppData%5cRoaming%5cKodi%5caddons%5cplugin.video.ccloudtv%5cresources%2ficons%2f%2finternational.png&amp;mode=64&amp;name=%5bCOLOR%20royalblue%5d%5bB%5dNon-English%2fInternational%5b%2fB%5d%5b%2fCOLOR%5d&amp;url=international&quot;,return)</favourite>
	<favourite name="[COLOR red][B]Pay-Per-View 500+ Movies[/B][/COLOR]" thumb="http://www.blackbox247.com/images/PPV_logo.png">ActivateWindow(10025,&quot;plugin://plugin.video.ccloudtv/?iconimage=C%3a%5cUsers%5chtran%5cAppData%5cRoaming%5cKodi%5caddons%5cplugin.video.ccloudtv%5cresources%2ficons%2f%2fondemandmovies.png&amp;mode=59&amp;name=%5bCOLOR%20royalblue%5d%5bB%5dOn%20Demand%20Movies%5b%2fB%5d%5b%2fCOLOR%5d&amp;url=ondemandmovies&quot;,return)</favourite>
	<favourite name="[COLOR green][B]Entertainment Channels[/B][/COLOR]" thumb="http://www.blackbox247.com/images/Entertainment-Channels.gif">ActivateWindow(10025,&quot;plugin://plugin.video.ccloudtv/?iconimage=C%3a%5cUsers%5chtran%5cAppData%5cRoaming%5cKodi%5caddons%5cplugin.video.ccloudtv%5cresources%2ficons%2f%2fentertainment.png&amp;mode=55&amp;name=%5bCOLOR%20royalblue%5d%5bB%5dEntertainment%5b%2fB%5d%5b%2fCOLOR%5d&amp;url=entertainment&quot;,return)</favourite>
	<favourite name="[COLOR plum][B]HBO_Cinemax_Starz...[/B][/COLOR]" thumb="http://www.blackbox247.com/images/PremiumChannels.png">ActivateWindow(10025,&quot;plugin://plugin.video.ccloudtv/?iconimage=C%3a%5cUsers%5chtran%5cAppData%5cRoaming%5cKodi%5caddons%5cplugin.video.ccloudtv%5cresources%2ficons%2f%2ftwentyfourseven.png&amp;mode=60&amp;name=%5bCOLOR%20royalblue%5d%5bB%5d24%2f7%20Channels%5b%2fB%5d%5b%2fCOLOR%5d&amp;url=24&quot;,return)</favourite>
	<favourite name="[COLOR blue][B]MTV * Music Channels[/B][/COLOR]" thumb="http://www.blackbox247.com/images/MTV-Logo.jpg">ActivateWindow(10025,&quot;plugin://plugin.video.ccloudtv/?iconimage=C%3a%5cUsers%5chtran%5cAppData%5cRoaming%5cKodi%5caddons%5cplugin.video.ccloudtv%5cresources%2ficons%2f%2fmusic.png&amp;mode=58&amp;name=%5bCOLOR%20royalblue%5d%5bB%5dMusic%5b%2fB%5d%5b%2fCOLOR%5d&amp;url=music&quot;,return)</favourite>
	<favourite name="[COLOR orange][B]Arabic Channels[/B][/COLOR]" thumb="http://alaska.watchkodi.com/crusader88A.png">ActivateWindow(10025,&quot;plugin://plugin.video.phstreams/?action=ndmode&amp;audio=0&amp;content=0&amp;fanart=C%3a%5cUsers%5cVinh%5cAppData%5cRoaming%5cKodi%5caddons%5cplugin.video.phstreams%5cfanart.jpg&amp;image=http%3a%2f%2falaska.watchkodi.com%2fcrusader88A.png&amp;name=Arabic%20Channels&amp;playable=false&amp;tvshow=0&amp;url=http%3a%2f%2falaska.watchkodi.com%2fPlaylist%2fplaymain.xml&quot;,return)</favourite>
	<favourite name="[COLOR lime][B]International Channels[/B][/COLOR]" thumb="http://alaska.watchkodi.com/crusader88A.png">ActivateWindow(10025,&quot;plugin://plugin.video.phstreams/?action=dmode&amp;audio=0&amp;content=0&amp;fanart=C%3a%5cUsers%5cVinh%5cAppData%5cRoaming%5cKodi%5caddons%5cplugin.video.phstreams%5cfanart.jpg&amp;image=http%3a%2f%2falaska.watchkodi.com%2fcrusader88A.png&amp;name=International%20Channels&amp;playable=false&amp;tvshow=0&amp;url=http%3a%2f%2falaska.watchkodi.com%2fmaindir%2fmain2.xml&quot;,return)</favourite>
	<favourite name="[COLOR pink][B]PayTV - Channels[/B][/COLOR]" thumb="http://static.filmon.com/assets/groups/37/big_logo.png">ActivateWindow(10025,&quot;plugin://plugin.video.F.T.V/?ch_fanart=local-tv&amp;description=1624%2c3773%2c3500%2c3746%2c3749%2c3752%2c3755%2c3758%2c1627%2c3761%2c3764%2c3767%2c3350%2c3770%2c3476%2c796%2c914%2c335%2c265%2c396%2c2752%2c1621%2c773%2c703%2c686%2c694%2c341%2c2755%2c2749%2c406%2c295%2c394%2c979&amp;mode=123&amp;name=PAY%20TV%20-%20CHANNELS&amp;url=37&quot;,return)</favourite>
	<favourite name="[COLOR green][B]24/7 Channels[/B][/COLOR]" thumb="special://home/addons\plugin.video.ccloudtv\resources/icons//twentyfourseven.png">ActivateWindow(10025,&quot;plugin://plugin.video.ccloudtv/?iconimage=C%3a%5cUsers%5cVinh%5cAppData%5cRoaming%5cKodi%5caddons%5cplugin.video.ccloudtv%5cresources%2ficons%2f%2ftwentyfourseven.png&amp;mode=60&amp;name=%5bCOLOR%20royalblue%5d%5bB%5d24%2f7%20Channels%5b%2fB%5d%5b%2fCOLOR%5d&amp;url=24&quot;,return)</favourite>
	<favourite name="[COLOR purple][B]SOMALI TV[/B][/COLOR]" thumb="http://static.filmon.com/assets/groups/239/big_logo.png">ActivateWindow(10025,&quot;plugin://plugin.video.F.T.V/?ch_fanart=somali-tv&amp;description=3734&amp;mode=123&amp;name=SOMALI%20TV&amp;url=239&quot;,return)</favourite>
	<favourite name="[COLOR yellow][B]UK Turk Playlists[/B][/COLOR]" thumb="special://home/addons\plugin.video.ukturk\icon.png">ActivateWindow(10025,&quot;plugin://plugin.video.ukturk/&quot;,return)</favourite>
	<favourite name="[COLOR red][B]Navi-X[/B][/COLOR]" thumb="special://home/addons\script.navi-x\icon.png">RunScript(&quot;script.navi-x/?content_type=video&quot;)</favourite>
	<favourite name="[COLOR lime][B]Firefox[/B][/COLOR]" thumb="androidapp://sources/apps/org.mozilla.firefox.png">StartAndroidActivity(&quot;org.mozilla.firefox&quot;)</favourite>
	<favourite name="[COLOR lime][B]Chrome[/B][/COLOR]" thumb="androidapp://sources/apps/com.android.chrome.png">StartAndroidActivity(&quot;com.android.chrome&quot;)</favourite>
	<favourite name="[COLOR lime][B]YouTube[/B][/COLOR]" thumb="androidapp://sources/apps/org.chromium.youtube_apk.png">StartAndroidActivity(&quot;org.chromium.youtube_apk&quot;)</favourite>
</favourites>