<sources>
    <programs>
        <default pathversion="1"></default>
    </programs>
    <video>
        <default pathversion="1"></default>
    </video>
    <music>
        <default pathversion="1"></default>
    </music>
    <pictures>
        <default pathversion="1"></default>
    </pictures>
    <files>
        <default pathversion="1"></default>
        <source>
            <name>.Transform (Megatron Rom)</name>
            <path pathversion="1">http://transform.mega-tron.tv/</path>
            <allowsharing>true</allowsharing>
        </source>
    </files>
</sources>
