<favourites>
	<favourite name="VietFace TV California 57.2" thumb="http://echipstore.net/logo/VFTVCALI.png">PlayMedia(&quot;plugin://plugin.video.kodi4vn.launcher/play/97cddb44191b2f4842c6f5eb007a30e7?sf_options=winID%3D10025%26_options_sf&quot;)</favourite>
	<favourite name="VietSun TV" thumb="http://www.viettv24.com/main/images/Vietsun_LogoTV.jpg">PlayMedia(&quot;plugin://plugin.video.kodi4vn.launcher/play/3111d20ed9adc9bcf1d62e19fa618567?sf_options=winID%3D10025%26_options_sf&quot;)</favourite>
	<favourite name="KVLA 56.5" thumb="http://echipstore.net/logo/channels/KVLA-56.5.png">PlayMedia(&quot;plugin://plugin.video.kodi4vn.launcher/play/9f3a2d4ecae52db52d5a83e38a574beb?sf_options=winID%3D10025%26_options_sf&quot;)</favourite>
	<favourite name="Saigon TV 57.5" thumb="http://echipstore.net/logo/channels/SaiGonTV.png">PlayMedia(&quot;plugin://plugin.video.kodi4vn.launcher/play/b9d63700717d5769f1985f377d7e689d?sf_options=winID%3D10025%26_options_sf&quot;)</favourite>
	<favourite name="VAN TV 55.2 (Houston)" thumb="http://LangSongViet.com/fta4vnForum/upload/uploaded/26_1385611287.png">PlayMedia(&quot;plugin://plugin.video.kodi4vn.launcher/play/b105e20ece1dcf1f96305c61a366b681?sf_options=winID%3D10025%26_options_sf&quot;)</favourite>
	<favourite name="VNA TV 57.3" thumb="http://echipstore.net/logo/channels/VNAtv.png">PlayMedia(&quot;plugin://plugin.video.kodi4vn.launcher/play/72aea99c736fc6c5579f4e19d05e9913?sf_options=winID%3D10025%26_options_sf&quot;)</favourite>
	<favourite name="VietV California 54.3" thumb="http://echipstore.net/logo/channels/VietV.png">PlayMedia(&quot;plugin://plugin.video.kodi4vn.launcher/play/c9f4a7e1b3ed2607396585955c0d94ed?sf_options=winID%3D10025%26_options_sf&quot;)</favourite>
	<favourite name="VBS TV 57.6" thumb="http://echipstore.net/logo/channels/VBS.png">PlayMedia(&quot;plugin://plugin.video.kodi4vn.launcher/play/a76222e74136114311810ea0653ad4aa?sf_options=winID%3D10025%26_options_sf&quot;)</favourite>
	<favourite name="Đồng Giao TV" thumb="http://echipstore.net/logo/channels/Dong_Dao.png">PlayMedia(&quot;plugin://plugin.video.kodi4vn.launcher/play/ca735277a0fa0e1a8b9de2b72f253943?sf_options=winID%3D10025%26_options_sf&quot;)</favourite>
	<favourite name="SET TV" thumb="http://echipstore.net/logo/channels/set.jpg">PlayMedia(&quot;plugin://plugin.video.kodi4vn.launcher/play/41b41821a4e09bef4dedfde0d44d3184?sf_options=winID%3D10025%26_options_sf&quot;)</favourite>
	<favourite name="IBC TV" thumb="http://echipstore.net/logo/channels/ibc.jpg">PlayMedia(&quot;plugin://plugin.video.kodi4vn.launcher/play/b8b1ff4e3e38acd12b70144f4b6a6af2?sf_options=winID%3D10025%26_options_sf&quot;)</favourite>
	<favourite name="Little Saigon TV 57.7" thumb="http://echipstore.net/logo/channels/LittleSaigon.png">PlayMedia(&quot;plugin://plugin.video.kodi4vn.launcher/play/b7510f209f84b188ea528a7836096b2d?sf_options=winID%3D10025%26_options_sf&quot;)</favourite>
</favourites>