﻿<?xml version="1.0" encoding="utf-8" standalone="yes"?>

<channel>
<items>


<item>
<title>[COLOR yellow][B]U.S.A - TV[/B][/COLOR]</title>
<link>https://raw.githubusercontent.com/vinhcomp/xml/master/xml/tvusa.xml</link>
<thumbnail>https://googledrive.com/host/0B7zkkQwo5pr5fjVUZG5MRkhFalRKTHF0T0poZnd6aTZUbmx1ZDZWMkwtR3FHZFhtdTB4TTQ/tvusa.png</thumbnail>
</item>

<item>
<title>[COLOR yellow][B]Arabic - TV[/B][/COLOR]</title>
<link>https://raw.githubusercontent.com/vinhcomp/xml/master/xml/arabic.xml</link>
<thumbnail>https://googledrive.com/host/0B7zkkQwo5pr5fjVUZG5MRkhFalRKTHF0T0poZnd6aTZUbmx1ZDZWMkwtR3FHZFhtdTB4TTQ/arabic.png</thumbnail>
</item>

<item>
<title>[COLOR yellow][B]Africa - TV[/B][/COLOR]</title>
<link>https://raw.githubusercontent.com/vinhcomp/xml/master/xml/africatv.xml</link>
<thumbnail>https://googledrive.com/host/0B7zkkQwo5pr5fjVUZG5MRkhFalRKTHF0T0poZnd6aTZUbmx1ZDZWMkwtR3FHZFhtdTB4TTQ/africatv2.png</thumbnail>
</item>

<item>
<title>[COLOR yellow][B]India - TV[/B][/COLOR]</title>
<link>https://raw.githubusercontent.com/vinhcomp/xml/master/xml/indiatv.xml</link>
<thumbnail>https://googledrive.com/host/0B7zkkQwo5pr5fjVUZG5MRkhFalRKTHF0T0poZnd6aTZUbmx1ZDZWMkwtR3FHZFhtdTB4TTQ/indiatv.png</thumbnail>
</item>

<item>
<title>[COLOR yellow][B]China - TV[/B][/COLOR]</title>
<link>https://raw.githubusercontent.com/vinhcomp/xml/master/xml/tvchina.xml</link>
<thumbnail>https://googledrive.com/host/0B7zkkQwo5pr5fjVUZG5MRkhFalRKTHF0T0poZnd6aTZUbmx1ZDZWMkwtR3FHZFhtdTB4TTQ/tvchina.png</thumbnail>
</item>

<item>
<title>[COLOR yellow][B]Khmer - TV[/B][/COLOR]</title>
<link>https://raw.githubusercontent.com/vinhcomp/xml/master/xml/khmertv.xml</link>
<thumbnail>https://googledrive.com/host/0B7zkkQwo5pr5fjVUZG5MRkhFalRKTHF0T0poZnd6aTZUbmx1ZDZWMkwtR3FHZFhtdTB4TTQ/khmertv2.png</thumbnail>
</item>

<item>
<title>[COLOR yellow][B]Thailand - TV[/B][/COLOR]</title>
<link>https://raw.githubusercontent.com/vinhcomp/xml/master/xml/thailandtv.xml</link>
<thumbnail>https://googledrive.com/host/0B7zkkQwo5pr5fjVUZG5MRkhFalRKTHF0T0poZnd6aTZUbmx1ZDZWMkwtR3FHZFhtdTB4TTQ/thailandtv.png</thumbnail>
</item>

<item>
<title>[COLOR yellow][B]Spanish - TV[/B][/COLOR]</title>
<link>https://raw.githubusercontent.com/vinhcomp/xml/master/xml/spanishtv.xml</link>
<thumbnail>https://googledrive.com/host/0B7zkkQwo5pr5fjVUZG5MRkhFalRKTHF0T0poZnd6aTZUbmx1ZDZWMkwtR3FHZFhtdTB4TTQ/spanish.png</thumbnail>
</item>

<item>
<title>[COLOR yellow][B]Indonesia - TV[/B][/COLOR]</title>
<link>https://raw.githubusercontent.com/vinhcomp/xml/master/xml/indonesiatv.xml</link>
<thumbnail>https://googledrive.com/host/0B7zkkQwo5pr5fjVUZG5MRkhFalRKTHF0T0poZnd6aTZUbmx1ZDZWMkwtR3FHZFhtdTB4TTQ/indonesia.png</thumbnail>
</item>

<item>
<title>[COLOR yellow][B]Iran - TV[/B][/COLOR]</title>
<link>https://raw.githubusercontent.com/vinhcomp/xml/master/xml/irantv.xml</link>
<thumbnail>https://googledrive.com/host/0B7zkkQwo5pr5fjVUZG5MRkhFalRKTHF0T0poZnd6aTZUbmx1ZDZWMkwtR3FHZFhtdTB4TTQ/iran.png</thumbnail>
</item>

<item>
<title>[COLOR yellow][B]World - TV[/B][/COLOR]</title>
<link>https://drive.google.com/uc?export=download&id=0B7zkkQwo5pr5cjluZTNKdFp0UjA</link>
<thumbnail>https://googledrive.com/host/0B7zkkQwo5pr5fjVUZG5MRkhFalRKTHF0T0poZnd6aTZUbmx1ZDZWMkwtR3FHZFhtdTB4TTQ/worldtv.png</thumbnail>
</item>

<item>
<title>[COLOR yellow][B]MUSIC - TV[/B][/COLOR]</title>
<link>https://raw.githubusercontent.com/vinhcomp/xml/master/xml/kenhamnhac.xml</link>
<thumbnail>https://googledrive.com/host/0B7zkkQwo5pr5fjVUZG5MRkhFalRKTHF0T0poZnd6aTZUbmx1ZDZWMkwtR3FHZFhtdTB4TTQ/kenhamnhac.png</thumbnail>
</item>

<item>
<title>[COLOR yellow][B]SPORTS - TV[/B][/COLOR]</title>
<link>https://raw.githubusercontent.com/vinhcomp/xml/master/xml/kenhthethao.xml</link>
<thumbnail>https://googledrive.com/host/0B7zkkQwo5pr5fjVUZG5MRkhFalRKTHF0T0poZnd6aTZUbmx1ZDZWMkwtR3FHZFhtdTB4TTQ/kenhthethao.png</thumbnail>
</item>

<item>
<title>[COLOR yellow][B]KIDS PLACE[/B][/COLOR]</title>
<link>https://raw.githubusercontent.com/vinhcomp/xml/master/xml/kenhthieunhi.xml</link>
<thumbnail>https://googledrive.com/host/0B7zkkQwo5pr5fjVUZG5MRkhFalRKTHF0T0poZnd6aTZUbmx1ZDZWMkwtR3FHZFhtdTB4TTQ/kenhthieunhi.png</thumbnail>
</item>

<item>
<title>[COLOR yellow][B]Movies[/B][/COLOR]</title>
<link>https://raw.githubusercontent.com/vinhcomp/xml/master/xml/movies.xml</link>
<thumbnail>https://googledrive.com/host/0B7zkkQwo5pr5fjVUZG5MRkhFalRKTHF0T0poZnd6aTZUbmx1ZDZWMkwtR3FHZFhtdTB4TTQ/phimle.png</thumbnail>
</item>

<item>
<title>[COLOR yellow][B]International - Entertainment[/B][/COLOR]</title>
<link>https://raw.githubusercontent.com/vinhcomp/xml/master/xml/entertainment.xml</link>
<thumbnail>https://googledrive.com/host/0B7zkkQwo5pr5fjVUZG5MRkhFalRKTHF0T0poZnd6aTZUbmx1ZDZWMkwtR3FHZFhtdTB4TTQ/tvshow1.png</thumbnail>
</item>

<item>
<title>[COLOR yellow][B]Youtube - Dailymotion[/B][/COLOR]</title>
<link>https://raw.githubusercontent.com/vinhcomp/xml/master/xml/search.xml</link>
<thumbnail>https://googledrive.com/host/0B7zkkQwo5pr5fjVUZG5MRkhFalRKTHF0T0poZnd6aTZUbmx1ZDZWMkwtR3FHZFhtdTB4TTQ/search.png</thumbnail>
</item>

<item>
<title>[COLOR yellow][B]Testing Channels[/B][/COLOR]</title>
<link>https://raw.githubusercontent.com/vinhcomp/xml/master/xml/testing.xml</link>
<thumbnail>https://googledrive.com/host/0B7zkkQwo5pr5fjVUZG5MRkhFalRKTHF0T0poZnd6aTZUbmx1ZDZWMkwtR3FHZFhtdTB4TTQ/testing.png</thumbnail>
</item>



</items>
</channel>

























