<?xml version="1.1" encoding="UTF-8"?>
<addon id="plugin.video.vtvgolive" version="1.0.7" name="*VTVGoLive" provider-name="thongld">
    <requires>
    <import addon="xbmc.python" version="2.1.0"/>
    <import addon="script.module.xbmcswift2" version="1.3.1" />
    <import addon="script.module.requests" version="1" />
  </requires>
  <extension point="xbmc.python.module" library="default.py" />
  <extension point="xbmc.addon.metadata">
    <summary>VTV GO</summary>
    <description>Watch free vtvgo.vn (Vietnamese)</description>
    <platform>all</platform>
  </extension>
</addon>