<?xml version="1.0" encoding="UTF-8" standalone="yes"?>
<addon
  id="plugin.video.htvonline"
  version="1.5.1"
  name="*[COLOR yellow]HTV-Online[/COLOR]"
  provider-name="Vinh Modded from Thong">
  <requires>
    <import addon="xbmc.python" version="2.1.0"/>
    <import addon="script.module.xbmcswift2" version="1.3.1" />
  </requires>
  <extension point="xbmc.python.pluginsource" library="default.py"/>
  <extension point="xbmc.addon.metadata">
    <summary>HTV Online</summary>
    <description>Watch free HTVOnline.com.vn (Vietnamese) Channels</description>
    <platform>all</platform>
  </extension>
</addon>