<addon id="plugin.video.kenh108.com" name="*[COLOR yellow]kenh-108.com[/COLOR]" provider-name="th" version="1.5">
  <requires>
    <import addon="xbmc.python" version="2.1.0" />
    <import addon="script.module.xbmcswift2" version="1.3.1" />
    <import addon="plugin.video.youtube" version="4.4.1" />
  </requires>
  <extension library="default.py" point="xbmc.python.pluginsource">
    <provides>video</provides>
  </extension>
  <extension point="xbmc.addon.metadata">
    <platform>all</platform>
    <summary>Watch free movies from kenh108.com</summary>
    <description>Watch free movies from kenh108.com</description>
  </extension>
</addon>