<favourites>
	<favourite name="ESPN US" thumb="http://portal.iptvprivateserver.tv/stalker_portal/misc/logos/320/549.png">PlayMedia(&quot;plugin://plugin.video.stalker/?tmp=1&amp;genre_name=%5B%27Sports%27%5D&amp;title=ESPN+US&amp;cmd=ffrt2+http%3A%2F%2Flocalhost%2Fch%2F7354&amp;portal=%7B%22name%22%3A+%22NFPS%22%2C+%22parental%22%3A+%22true%22%2C+%22url%22%3A+%22http%3A%2F%2Fportal.iptvprivateserver.tv%22%2C+%22mac%22%3A+%2200%3A1A%3A78%3AA2%3A70%3A48%22%2C+%22serial%22%3A+%7B%22custom%22%3A+false%7D%2C+%22password%22%3A+%22Popper247%22%7D&amp;mode=play&amp;logo_url=http%3A%2F%2Fportal.iptvprivateserver.tv%2Fstalker_portal%2Fmisc%2Flogos%2F320%2F549.png&quot;)</favourite>
    <favourite name="ESPNU" thumb="http://portal.iptvprivateserver.tv/stalker_portal/misc/logos/320/567.png">PlayMedia(&quot;plugin://plugin.video.stalker/?tmp=1&amp;genre_name=%5B%27Sports%27%5D&amp;title=ESPNU&amp;cmd=ffrt2+http%3A%2F%2Flocalhost%2Fch%2F979&amp;portal=%7B%22name%22%3A+%22NFPS%22%2C+%22parental%22%3A+%22true%22%2C+%22url%22%3A+%22http%3A%2F%2Fportal.iptvprivateserver.tv%22%2C+%22mac%22%3A+%2200%3A1A%3A78%3AA2%3A70%3A48%22%2C+%22serial%22%3A+%7B%22custom%22%3A+false%7D%2C+%22password%22%3A+%22Popper247%22%7D&amp;mode=play&amp;logo_url=http%3A%2F%2Fportal.iptvprivateserver.tv%2Fstalker_portal%2Fmisc%2Flogos%2F320%2F567.png&quot;)</favourite>
    <favourite name="ESPNews US" thumb="http://portal.iptvprivateserver.tv/stalker_portal/misc/logos/320/1213.png">PlayMedia(&quot;plugin://plugin.video.stalker/?tmp=1&amp;genre_name=%5B%27Sports%27%5D&amp;title=ESPNews+US&amp;cmd=ffrt2+http%3A%2F%2Flocalhost%2Fch%2F2353&amp;portal=%7B%22name%22%3A+%22NFPS%22%2C+%22parental%22%3A+%22true%22%2C+%22url%22%3A+%22http%3A%2F%2Fportal.iptvprivateserver.tv%22%2C+%22mac%22%3A+%2200%3A1A%3A78%3AA2%3A70%3A48%22%2C+%22serial%22%3A+%7B%22custom%22%3A+false%7D%2C+%22password%22%3A+%22Popper247%22%7D&amp;mode=play&amp;logo_url=http%3A%2F%2Fportal.iptvprivateserver.tv%2Fstalker_portal%2Fmisc%2Flogos%2F320%2F1213.png&quot;)</favourite>
    <favourite name="ESPN 2 US" thumb="http://portal.iptvprivateserver.tv/stalker_portal/misc/logos/320/1215.png">PlayMedia(&quot;plugin://plugin.video.stalker/?tmp=1&amp;genre_name=%5B%27Sports%27%5D&amp;title=ESPN+2+US&amp;cmd=ffrt2+http%3A%2F%2Flocalhost%2Fch%2F2355&amp;portal=%7B%22name%22%3A+%22NFPS%22%2C+%22parental%22%3A+%22true%22%2C+%22url%22%3A+%22http%3A%2F%2Fportal.iptvprivateserver.tv%22%2C+%22mac%22%3A+%2200%3A1A%3A78%3AA2%3A70%3A48%22%2C+%22serial%22%3A+%7B%22custom%22%3A+false%7D%2C+%22password%22%3A+%22Popper247%22%7D&amp;mode=play&amp;logo_url=http%3A%2F%2Fportal.iptvprivateserver.tv%2Fstalker_portal%2Fmisc%2Flogos%2F320%2F1215.png&quot;)</favourite>
    <favourite name="Fox Sports 1 US" thumb="http://portal.iptvprivateserver.tv/stalker_portal/misc/logos/320/46.png">PlayMedia(&quot;plugin://plugin.video.stalker/?tmp=1&amp;genre_name=%5B%27Sports%27%5D&amp;title=Fox+Sports+1+US&amp;cmd=ffrt2+http%3A%2F%2Flocalhost%2Fch%2F190&amp;portal=%7B%22name%22%3A+%22NFPS%22%2C+%22parental%22%3A+%22true%22%2C+%22url%22%3A+%22http%3A%2F%2Fportal.iptvprivateserver.tv%22%2C+%22mac%22%3A+%2200%3A1A%3A78%3AA2%3A70%3A48%22%2C+%22serial%22%3A+%7B%22custom%22%3A+false%7D%2C+%22password%22%3A+%22Popper247%22%7D&amp;mode=play&amp;logo_url=http%3A%2F%2Fportal.iptvprivateserver.tv%2Fstalker_portal%2Fmisc%2Flogos%2F320%2F46.png&quot;)</favourite>
    <favourite name="Fox Sports 2 US" thumb="http://portal.iptvprivateserver.tv/stalker_portal/misc/logos/320/673.png">PlayMedia(&quot;plugin://plugin.video.stalker/?tmp=1&amp;genre_name=%5B%27Sports%27%5D&amp;title=Fox+Sports+2+US&amp;cmd=ffrt2+http%3A%2F%2Flocalhost%2Fch%2F5634&amp;portal=%7B%22name%22%3A+%22NFPS%22%2C+%22parental%22%3A+%22true%22%2C+%22url%22%3A+%22http%3A%2F%2Fportal.iptvprivateserver.tv%22%2C+%22mac%22%3A+%2200%3A1A%3A78%3AA2%3A70%3A48%22%2C+%22serial%22%3A+%7B%22custom%22%3A+false%7D%2C+%22password%22%3A+%22Popper247%22%7D&amp;mode=play&amp;logo_url=http%3A%2F%2Fportal.iptvprivateserver.tv%2Fstalker_portal%2Fmisc%2Flogos%2F320%2F673.png&quot;)</favourite>
    <favourite name="MLB Network" thumb="http://portal.iptvprivateserver.tv/stalker_portal/misc/logos/320/40.png">PlayMedia(&quot;plugin://plugin.video.stalker/?tmp=1&amp;genre_name=%5B%27Sports%27%5D&amp;title=MLB+Network&amp;cmd=ffrt2+http%3A%2F%2Flocalhost%2Fch%2F192&amp;portal=%7B%22name%22%3A+%22NFPS%22%2C+%22parental%22%3A+%22true%22%2C+%22url%22%3A+%22http%3A%2F%2Fportal.iptvprivateserver.tv%22%2C+%22mac%22%3A+%2200%3A1A%3A78%3AA2%3A70%3A48%22%2C+%22serial%22%3A+%7B%22custom%22%3A+false%7D%2C+%22password%22%3A+%22Popper247%22%7D&amp;mode=play&amp;logo_url=http%3A%2F%2Fportal.iptvprivateserver.tv%2Fstalker_portal%2Fmisc%2Flogos%2F320%2F40.png&quot;)</favourite>
    <favourite name="WWE Network" thumb="http://portal.iptvprivateserver.tv/stalker_portal/misc/logos/320/2971.png">PlayMedia(&quot;plugin://plugin.video.stalker/?tmp=1&amp;genre_name=%5B%27Sports%27%5D&amp;title=WWE+Network&amp;cmd=ffrt2+http%3A%2F%2Flocalhost%2Fch%2F8446&amp;portal=%7B%22name%22%3A+%22NFPS%22%2C+%22parental%22%3A+%22true%22%2C+%22url%22%3A+%22http%3A%2F%2Fportal.iptvprivateserver.tv%22%2C+%22mac%22%3A+%2200%3A1A%3A78%3AA2%3A70%3A48%22%2C+%22serial%22%3A+%7B%22custom%22%3A+false%7D%2C+%22password%22%3A+%22Popper247%22%7D&amp;mode=play&amp;logo_url=http%3A%2F%2Fportal.iptvprivateserver.tv%2Fstalker_portal%2Fmisc%2Flogos%2F320%2F2971.png&quot;)</favourite>
    <favourite name="NFL Network" thumb="http://portal.iptvprivateserver.tv/stalker_portal/misc/logos/320/591.png">PlayMedia(&quot;plugin://plugin.video.stalker/?tmp=1&amp;genre_name=%5B%27Sports%27%5D&amp;title=NFL+Network&amp;cmd=ffrt2+http%3A%2F%2Flocalhost%2Fch%2F1003&amp;portal=%7B%22name%22%3A+%22NFPS%22%2C+%22parental%22%3A+%22true%22%2C+%22url%22%3A+%22http%3A%2F%2Fportal.iptvprivateserver.tv%22%2C+%22mac%22%3A+%2200%3A1A%3A78%3AA2%3A70%3A48%22%2C+%22serial%22%3A+%7B%22custom%22%3A+false%7D%2C+%22password%22%3A+%22Popper247%22%7D&amp;mode=play&amp;logo_url=http%3A%2F%2Fportal.iptvprivateserver.tv%2Fstalker_portal%2Fmisc%2Flogos%2F320%2F591.png&quot;)</favourite>
    <favourite name="UFC Network" thumb="http://portal.iptvprivateserver.tv/stalker_portal/misc/logos/320/3257.png">PlayMedia(&quot;plugin://plugin.video.stalker/?tmp=1&amp;genre_name=%5B%27Sports%27%5D&amp;title=UFC+Network&amp;cmd=ffrt2+http%3A%2F%2Flocalhost%2Fch%2F9623&amp;portal=%7B%22name%22%3A+%22NFPS%22%2C+%22parental%22%3A+%22true%22%2C+%22url%22%3A+%22http%3A%2F%2Fportal.iptvprivateserver.tv%22%2C+%22mac%22%3A+%2200%3A1A%3A78%3AA2%3A70%3A48%22%2C+%22serial%22%3A+%7B%22custom%22%3A+false%7D%2C+%22password%22%3A+%22Popper247%22%7D&amp;mode=play&amp;logo_url=http%3A%2F%2Fportal.iptvprivateserver.tv%2Fstalker_portal%2Fmisc%2Flogos%2F320%2F3257.png&quot;)</favourite>
    <favourite name="NBA TV" thumb="http://portal.iptvprivateserver.tv/stalker_portal/misc/logos/320/1207.png">PlayMedia(&quot;plugin://plugin.video.stalker/?tmp=1&amp;genre_name=%5B%27Sports%27%5D&amp;title=NBA+TV&amp;cmd=ffrt2+http%3A%2F%2Flocalhost%2Fch%2F2347&amp;portal=%7B%22name%22%3A+%22NFPS%22%2C+%22parental%22%3A+%22true%22%2C+%22url%22%3A+%22http%3A%2F%2Fportal.iptvprivateserver.tv%22%2C+%22mac%22%3A+%2200%3A1A%3A78%3AA2%3A70%3A48%22%2C+%22serial%22%3A+%7B%22custom%22%3A+false%7D%2C+%22password%22%3A+%22Popper247%22%7D&amp;mode=play&amp;logo_url=http%3A%2F%2Fportal.iptvprivateserver.tv%2Fstalker_portal%2Fmisc%2Flogos%2F320%2F1207.png&quot;)</favourite>
    <favourite name="NHL Network USA" thumb="http://portal.iptvprivateserver.tv/stalker_portal/misc/logos/320/41.png">PlayMedia(&quot;plugin://plugin.video.stalker/?tmp=1&amp;genre_name=%5B%27Sports%27%5D&amp;title=NHL+Network+USA&amp;cmd=ffrt2+http%3A%2F%2Flocalhost%2Fch%2F194&amp;portal=%7B%22name%22%3A+%22NFPS%22%2C+%22parental%22%3A+%22true%22%2C+%22url%22%3A+%22http%3A%2F%2Fportal.iptvprivateserver.tv%22%2C+%22mac%22%3A+%2200%3A1A%3A78%3AA2%3A70%3A48%22%2C+%22serial%22%3A+%7B%22custom%22%3A+false%7D%2C+%22password%22%3A+%22Popper247%22%7D&amp;mode=play&amp;logo_url=http%3A%2F%2Fportal.iptvprivateserver.tv%2Fstalker_portal%2Fmisc%2Flogos%2F320%2F41.png&quot;)</favourite>
    <favourite name="CBS Sports Network" thumb="http://portal.iptvprivateserver.tv/stalker_portal/misc/logos/320/1219.png">PlayMedia(&quot;plugin://plugin.video.stalker/?tmp=1&amp;genre_name=%5B%27Sports%27%5D&amp;title=CBS+Sports+Network&amp;cmd=ffrt2+http%3A%2F%2Flocalhost%2Fch%2F2359&amp;portal=%7B%22name%22%3A+%22NFPS%22%2C+%22parental%22%3A+%22true%22%2C+%22url%22%3A+%22http%3A%2F%2Fportal.iptvprivateserver.tv%22%2C+%22mac%22%3A+%2200%3A1A%3A78%3AA2%3A70%3A48%22%2C+%22serial%22%3A+%7B%22custom%22%3A+false%7D%2C+%22password%22%3A+%22Popper247%22%7D&amp;mode=play&amp;logo_url=http%3A%2F%2Fportal.iptvprivateserver.tv%2Fstalker_portal%2Fmisc%2Flogos%2F320%2F1219.png&quot;)</favourite>
    <favourite name="NBC Sport Network" thumb="http://portal.iptvprivateserver.tv/stalker_portal/misc/logos/320/2502.png">PlayMedia(&quot;plugin://plugin.video.stalker/?tmp=1&amp;genre_name=%5B%27Sports%27%5D&amp;title=NBC+Sport+Network&amp;cmd=ffrt2+http%3A%2F%2Flocalhost%2Fch%2F6302&amp;portal=%7B%22name%22%3A+%22NFPS%22%2C+%22parental%22%3A+%22true%22%2C+%22url%22%3A+%22http%3A%2F%2Fportal.iptvprivateserver.tv%22%2C+%22mac%22%3A+%2200%3A1A%3A78%3AA2%3A70%3A48%22%2C+%22serial%22%3A+%7B%22custom%22%3A+false%7D%2C+%22password%22%3A+%22Popper247%22%7D&amp;mode=play&amp;logo_url=http%3A%2F%2Fportal.iptvprivateserver.tv%2Fstalker_portal%2Fmisc%2Flogos%2F320%2F2502.png&quot;)</favourite>
    <favourite name="SKY Sports News" thumb="http://portal.iptvprivateserver.tv/stalker_portal/misc/logos/320/54.png">PlayMedia(&quot;plugin://plugin.video.stalker/?tmp=1&amp;genre_name=%5B%27Sports%27%5D&amp;title=SKY+Sports+News&amp;cmd=ffrt2+http%3A%2F%2Flocalhost%2Fch%2F2101&amp;portal=%7B%22name%22%3A+%22NFPS%22%2C+%22parental%22%3A+%22true%22%2C+%22url%22%3A+%22http%3A%2F%2Fportal.iptvprivateserver.tv%22%2C+%22mac%22%3A+%2200%3A1A%3A78%3AA2%3A70%3A48%22%2C+%22serial%22%3A+%7B%22custom%22%3A+false%7D%2C+%22password%22%3A+%22Popper247%22%7D&amp;mode=play&amp;logo_url=http%3A%2F%2Fportal.iptvprivateserver.tv%2Fstalker_portal%2Fmisc%2Flogos%2F320%2F54.png&quot;)</favourite>
    <favourite name="Tennis Channel" thumb="http://portal.iptvprivateserver.tv/stalker_portal/misc/logos/320/1830.png">PlayMedia(&quot;plugin://plugin.video.stalker/?tmp=1&amp;genre_name=%5B%27Sports%27%5D&amp;title=Tennis+Channel&amp;cmd=ffrt2+http%3A%2F%2Flocalhost%2Fch%2F4850&amp;portal=%7B%22name%22%3A+%22NFPS%22%2C+%22parental%22%3A+%22true%22%2C+%22url%22%3A+%22http%3A%2F%2Fportal.iptvprivateserver.tv%22%2C+%22mac%22%3A+%2200%3A1A%3A78%3AA2%3A70%3A48%22%2C+%22serial%22%3A+%7B%22custom%22%3A+false%7D%2C+%22password%22%3A+%22Popper247%22%7D&amp;mode=play&amp;logo_url=http%3A%2F%2Fportal.iptvprivateserver.tv%2Fstalker_portal%2Fmisc%2Flogos%2F320%2F1830.png&quot;)</favourite>
    <favourite name="Golf Channel" thumb="http://portal.iptvprivateserver.tv/stalker_portal/misc/logos/320/1205.png">PlayMedia(&quot;plugin://plugin.video.stalker/?tmp=1&amp;genre_name=%5B%27Sports%27%5D&amp;title=Golf+Channel&amp;cmd=ffrt2+http%3A%2F%2Flocalhost%2Fch%2F2345&amp;portal=%7B%22name%22%3A+%22NFPS%22%2C+%22parental%22%3A+%22true%22%2C+%22url%22%3A+%22http%3A%2F%2Fportal.iptvprivateserver.tv%22%2C+%22mac%22%3A+%2200%3A1A%3A78%3AA2%3A70%3A48%22%2C+%22serial%22%3A+%7B%22custom%22%3A+false%7D%2C+%22password%22%3A+%22Popper247%22%7D&amp;mode=play&amp;logo_url=http%3A%2F%2Fportal.iptvprivateserver.tv%2Fstalker_portal%2Fmisc%2Flogos%2F320%2F1205.png&quot;)</favourite>
    <favourite name="Setanta Sports" thumb="http://portal.iptvprivateserver.tv/stalker_portal/misc/logos/320/265.png">PlayMedia(&quot;plugin://plugin.video.stalker/?tmp=1&amp;genre_name=%5B%27Sports%27%5D&amp;title=Setanta+Sports&amp;cmd=ffrt2+http%3A%2F%2Flocalhost%2Fch%2F3580&amp;portal=%7B%22name%22%3A+%22NFPS%22%2C+%22parental%22%3A+%22true%22%2C+%22url%22%3A+%22http%3A%2F%2Fportal.iptvprivateserver.tv%22%2C+%22mac%22%3A+%2200%3A1A%3A78%3AA2%3A70%3A48%22%2C+%22serial%22%3A+%7B%22custom%22%3A+false%7D%2C+%22password%22%3A+%22Popper247%22%7D&amp;mode=play&amp;logo_url=http%3A%2F%2Fportal.iptvprivateserver.tv%2Fstalker_portal%2Fmisc%2Flogos%2F320%2F265.png&quot;)</favourite>
    <favourite name="At The Races" thumb="http://portal.iptvprivateserver.tv/stalker_portal/misc/logos/320/267.png">PlayMedia(&quot;plugin://plugin.video.stalker/?tmp=1&amp;genre_name=%5B%27Sports%27%5D&amp;title=At+The+Races&amp;cmd=ffrt2+http%3A%2F%2Flocalhost%2Fch%2F553&amp;portal=%7B%22name%22%3A+%22NFPS%22%2C+%22parental%22%3A+%22true%22%2C+%22url%22%3A+%22http%3A%2F%2Fportal.iptvprivateserver.tv%22%2C+%22mac%22%3A+%2200%3A1A%3A78%3AA2%3A70%3A48%22%2C+%22serial%22%3A+%7B%22custom%22%3A+false%7D%2C+%22password%22%3A+%22Popper247%22%7D&amp;mode=play&amp;logo_url=http%3A%2F%2Fportal.iptvprivateserver.tv%2Fstalker_portal%2Fmisc%2Flogos%2F320%2F267.png&quot;)</favourite>
    <favourite name="Racing UK" thumb="http://portal.iptvprivateserver.tv/stalker_portal/misc/logos/320/1285.png">PlayMedia(&quot;plugin://plugin.video.stalker/?tmp=1&amp;genre_name=%5B%27Sports%27%5D&amp;title=Racing+UK&amp;cmd=ffrt2+http%3A%2F%2Flocalhost%2Fch%2F2477&amp;portal=%7B%22name%22%3A+%22NFPS%22%2C+%22parental%22%3A+%22true%22%2C+%22url%22%3A+%22http%3A%2F%2Fportal.iptvprivateserver.tv%22%2C+%22mac%22%3A+%2200%3A1A%3A78%3AA2%3A70%3A48%22%2C+%22serial%22%3A+%7B%22custom%22%3A+false%7D%2C+%22password%22%3A+%22Popper247%22%7D&amp;mode=play&amp;logo_url=http%3A%2F%2Fportal.iptvprivateserver.tv%2Fstalker_portal%2Fmisc%2Flogos%2F320%2F1285.png&quot;)</favourite>
    <favourite name="Eurosport 1" thumb="http://portal.iptvprivateserver.tv/stalker_portal/misc/logos/320/1347.png">PlayMedia(&quot;plugin://plugin.video.stalker/?tmp=1&amp;genre_name=%5B%27Sports%27%5D&amp;title=Eurosport+1&amp;cmd=ffrt2+http%3A%2F%2Flocalhost%2Fch%2F4317&amp;portal=%7B%22name%22%3A+%22NFPS%22%2C+%22parental%22%3A+%22true%22%2C+%22url%22%3A+%22http%3A%2F%2Fportal.iptvprivateserver.tv%22%2C+%22mac%22%3A+%2200%3A1A%3A78%3AA2%3A70%3A48%22%2C+%22serial%22%3A+%7B%22custom%22%3A+false%7D%2C+%22password%22%3A+%22Popper247%22%7D&amp;mode=play&amp;logo_url=http%3A%2F%2Fportal.iptvprivateserver.tv%2Fstalker_portal%2Fmisc%2Flogos%2F320%2F1347.png&quot;)</favourite>
    <favourite name="Eurosport 2" thumb="http://portal.iptvprivateserver.tv/stalker_portal/misc/logos/320/1349.png">PlayMedia(&quot;plugin://plugin.video.stalker/?tmp=1&amp;genre_name=%5B%27Sports%27%5D&amp;title=Eurosport+2&amp;cmd=ffrt2+http%3A%2F%2Flocalhost%2Fch%2F4322&amp;portal=%7B%22name%22%3A+%22NFPS%22%2C+%22parental%22%3A+%22true%22%2C+%22url%22%3A+%22http%3A%2F%2Fportal.iptvprivateserver.tv%22%2C+%22mac%22%3A+%2200%3A1A%3A78%3AA2%3A70%3A48%22%2C+%22serial%22%3A+%7B%22custom%22%3A+false%7D%2C+%22password%22%3A+%22Popper247%22%7D&amp;mode=play&amp;logo_url=http%3A%2F%2Fportal.iptvprivateserver.tv%2Fstalker_portal%2Fmisc%2Flogos%2F320%2F1349.png&quot;)</favourite>
    <favourite name="MSG" thumb="http://portal.iptvprivateserver.tv/stalker_portal/misc/logos/320/1211.png">PlayMedia(&quot;plugin://plugin.video.stalker/?tmp=1&amp;genre_name=%5B%27Sports%27%5D&amp;title=MSG&amp;cmd=ffrt2+http%3A%2F%2Flocalhost%2Fch%2F2351&amp;portal=%7B%22name%22%3A+%22NFPS%22%2C+%22parental%22%3A+%22true%22%2C+%22url%22%3A+%22http%3A%2F%2Fportal.iptvprivateserver.tv%22%2C+%22mac%22%3A+%2200%3A1A%3A78%3AA2%3A70%3A48%22%2C+%22serial%22%3A+%7B%22custom%22%3A+false%7D%2C+%22password%22%3A+%22Popper247%22%7D&amp;mode=play&amp;logo_url=http%3A%2F%2Fportal.iptvprivateserver.tv%2Fstalker_portal%2Fmisc%2Flogos%2F320%2F1211.png&quot;)</favourite>
    <favourite name="SKY Sports 1" thumb="http://portal.iptvprivateserver.tv/stalker_portal/misc/logos/320/1269.png">PlayMedia(&quot;plugin://plugin.video.stalker/?tmp=1&amp;genre_name=%5B%27Sports%27%5D&amp;title=SKY+Sports+1&amp;cmd=ffrt2+http%3A%2F%2Flocalhost%2Fch%2F2459&amp;portal=%7B%22name%22%3A+%22NFPS%22%2C+%22parental%22%3A+%22true%22%2C+%22url%22%3A+%22http%3A%2F%2Fportal.iptvprivateserver.tv%22%2C+%22mac%22%3A+%2200%3A1A%3A78%3AA2%3A70%3A48%22%2C+%22serial%22%3A+%7B%22custom%22%3A+false%7D%2C+%22password%22%3A+%22Popper247%22%7D&amp;mode=play&amp;logo_url=http%3A%2F%2Fportal.iptvprivateserver.tv%2Fstalker_portal%2Fmisc%2Flogos%2F320%2F1269.png&quot;)</favourite>
    <favourite name="SKY Sports 2" thumb="http://portal.iptvprivateserver.tv/stalker_portal/misc/logos/320/1271.png">PlayMedia(&quot;plugin://plugin.video.stalker/?tmp=1&amp;genre_name=%5B%27Sports%27%5D&amp;title=SKY+Sports+2&amp;cmd=ffrt2+http%3A%2F%2Flocalhost%2Fch%2F2461&amp;portal=%7B%22name%22%3A+%22NFPS%22%2C+%22parental%22%3A+%22true%22%2C+%22url%22%3A+%22http%3A%2F%2Fportal.iptvprivateserver.tv%22%2C+%22mac%22%3A+%2200%3A1A%3A78%3AA2%3A70%3A48%22%2C+%22serial%22%3A+%7B%22custom%22%3A+false%7D%2C+%22password%22%3A+%22Popper247%22%7D&amp;mode=play&amp;logo_url=http%3A%2F%2Fportal.iptvprivateserver.tv%2Fstalker_portal%2Fmisc%2Flogos%2F320%2F1271.png&quot;)</favourite>
    <favourite name="SKY Sports 3" thumb="http://portal.iptvprivateserver.tv/stalker_portal/misc/logos/320/1273.png">PlayMedia(&quot;plugin://plugin.video.stalker/?tmp=1&amp;genre_name=%5B%27Sports%27%5D&amp;title=SKY+Sports+3&amp;cmd=ffrt2+http%3A%2F%2Flocalhost%2Fch%2F2469&amp;portal=%7B%22name%22%3A+%22NFPS%22%2C+%22parental%22%3A+%22true%22%2C+%22url%22%3A+%22http%3A%2F%2Fportal.iptvprivateserver.tv%22%2C+%22mac%22%3A+%2200%3A1A%3A78%3AA2%3A70%3A48%22%2C+%22serial%22%3A+%7B%22custom%22%3A+false%7D%2C+%22password%22%3A+%22Popper247%22%7D&amp;mode=play&amp;logo_url=http%3A%2F%2Fportal.iptvprivateserver.tv%2Fstalker_portal%2Fmisc%2Flogos%2F320%2F1273.png&quot;)</favourite>
    <favourite name="SKY Sports 4" thumb="http://portal.iptvprivateserver.tv/stalker_portal/misc/logos/320/1275.png">PlayMedia(&quot;plugin://plugin.video.stalker/?tmp=1&amp;genre_name=%5B%27Sports%27%5D&amp;title=SKY+Sports+4&amp;cmd=ffrt2+http%3A%2F%2Flocalhost%2Fch%2F2465&amp;portal=%7B%22name%22%3A+%22NFPS%22%2C+%22parental%22%3A+%22true%22%2C+%22url%22%3A+%22http%3A%2F%2Fportal.iptvprivateserver.tv%22%2C+%22mac%22%3A+%2200%3A1A%3A78%3AA2%3A70%3A48%22%2C+%22serial%22%3A+%7B%22custom%22%3A+false%7D%2C+%22password%22%3A+%22Popper247%22%7D&amp;mode=play&amp;logo_url=http%3A%2F%2Fportal.iptvprivateserver.tv%2Fstalker_portal%2Fmisc%2Flogos%2F320%2F1275.png&quot;)</favourite>
    <favourite name="SKY Sports 5" thumb="http://portal.iptvprivateserver.tv/stalker_portal/misc/logos/320/1277.png">PlayMedia(&quot;plugin://plugin.video.stalker/?tmp=1&amp;genre_name=%5B%27Sports%27%5D&amp;title=SKY+Sports+5&amp;cmd=ffrt2+http%3A%2F%2Flocalhost%2Fch%2F2467&amp;portal=%7B%22name%22%3A+%22NFPS%22%2C+%22parental%22%3A+%22true%22%2C+%22url%22%3A+%22http%3A%2F%2Fportal.iptvprivateserver.tv%22%2C+%22mac%22%3A+%2200%3A1A%3A78%3AA2%3A70%3A48%22%2C+%22serial%22%3A+%7B%22custom%22%3A+false%7D%2C+%22password%22%3A+%22Popper247%22%7D&amp;mode=play&amp;logo_url=http%3A%2F%2Fportal.iptvprivateserver.tv%2Fstalker_portal%2Fmisc%2Flogos%2F320%2F1277.png&quot;)</favourite>
    <favourite name="SKY Sports F1" thumb="http://portal.iptvprivateserver.tv/stalker_portal/misc/logos/320/1267.png">PlayMedia(&quot;plugin://plugin.video.stalker/?tmp=1&amp;genre_name=%5B%27Sports%27%5D&amp;title=SKY+Sports+F1&amp;cmd=ffrt2+http%3A%2F%2Flocalhost%2Fch%2F2457&amp;portal=%7B%22name%22%3A+%22NFPS%22%2C+%22parental%22%3A+%22true%22%2C+%22url%22%3A+%22http%3A%2F%2Fportal.iptvprivateserver.tv%22%2C+%22mac%22%3A+%2200%3A1A%3A78%3AA2%3A70%3A48%22%2C+%22serial%22%3A+%7B%22custom%22%3A+false%7D%2C+%22password%22%3A+%22Popper247%22%7D&amp;mode=play&amp;logo_url=http%3A%2F%2Fportal.iptvprivateserver.tv%2Fstalker_portal%2Fmisc%2Flogos%2F320%2F1267.png&quot;)</favourite>
    <favourite name="BT Sport 1" thumb="http://portal.iptvprivateserver.tv/stalker_portal/misc/logos/320/1287.png">PlayMedia(&quot;plugin://plugin.video.stalker/?tmp=1&amp;genre_name=%5B%27Sports%27%5D&amp;title=BT+Sport+1&amp;cmd=ffrt2+http%3A%2F%2Flocalhost%2Fch%2F2479&amp;portal=%7B%22name%22%3A+%22NFPS%22%2C+%22parental%22%3A+%22true%22%2C+%22url%22%3A+%22http%3A%2F%2Fportal.iptvprivateserver.tv%22%2C+%22mac%22%3A+%2200%3A1A%3A78%3AA2%3A70%3A48%22%2C+%22serial%22%3A+%7B%22custom%22%3A+false%7D%2C+%22password%22%3A+%22Popper247%22%7D&amp;mode=play&amp;logo_url=http%3A%2F%2Fportal.iptvprivateserver.tv%2Fstalker_portal%2Fmisc%2Flogos%2F320%2F1287.png&quot;)</favourite>
    <favourite name="BT Sport 2" thumb="http://portal.iptvprivateserver.tv/stalker_portal/misc/logos/320/1289.png">PlayMedia(&quot;plugin://plugin.video.stalker/?tmp=1&amp;genre_name=%5B%27Sports%27%5D&amp;title=BT+Sport+2&amp;cmd=ffrt2+http%3A%2F%2Flocalhost%2Fch%2F2481&amp;portal=%7B%22name%22%3A+%22NFPS%22%2C+%22parental%22%3A+%22true%22%2C+%22url%22%3A+%22http%3A%2F%2Fportal.iptvprivateserver.tv%22%2C+%22mac%22%3A+%2200%3A1A%3A78%3AA2%3A70%3A48%22%2C+%22serial%22%3A+%7B%22custom%22%3A+false%7D%2C+%22password%22%3A+%22Popper247%22%7D&amp;mode=play&amp;logo_url=http%3A%2F%2Fportal.iptvprivateserver.tv%2Fstalker_portal%2Fmisc%2Flogos%2F320%2F1289.png&quot;)</favourite>
    <favourite name="ASTRO SuperSport 1" thumb="http://portal.iptvprivateserver.tv/stalker_portal/misc/logos/320/1279.png">PlayMedia(&quot;plugin://plugin.video.stalker/?tmp=1&amp;genre_name=%5B%27Sports%27%5D&amp;title=ASTRO+SuperSport+1&amp;cmd=ffrt2+http%3A%2F%2Flocalhost%2Fch%2F2471&amp;portal=%7B%22name%22%3A+%22NFPS%22%2C+%22parental%22%3A+%22true%22%2C+%22url%22%3A+%22http%3A%2F%2Fportal.iptvprivateserver.tv%22%2C+%22mac%22%3A+%2200%3A1A%3A78%3AA2%3A70%3A48%22%2C+%22serial%22%3A+%7B%22custom%22%3A+false%7D%2C+%22password%22%3A+%22Popper247%22%7D&amp;mode=play&amp;logo_url=http%3A%2F%2Fportal.iptvprivateserver.tv%2Fstalker_portal%2Fmisc%2Flogos%2F320%2F1279.png&quot;)</favourite>
    <favourite name="ASTRO SuperSport 2" thumb="http://portal.iptvprivateserver.tv/stalker_portal/misc/logos/320/1281.png">PlayMedia(&quot;plugin://plugin.video.stalker/?tmp=1&amp;genre_name=%5B%27Sports%27%5D&amp;title=ASTRO+SuperSport+2&amp;cmd=ffrt2+http%3A%2F%2Flocalhost%2Fch%2F2473&amp;portal=%7B%22name%22%3A+%22NFPS%22%2C+%22parental%22%3A+%22true%22%2C+%22url%22%3A+%22http%3A%2F%2Fportal.iptvprivateserver.tv%22%2C+%22mac%22%3A+%2200%3A1A%3A78%3AA2%3A70%3A48%22%2C+%22serial%22%3A+%7B%22custom%22%3A+false%7D%2C+%22password%22%3A+%22Popper247%22%7D&amp;mode=play&amp;logo_url=http%3A%2F%2Fportal.iptvprivateserver.tv%2Fstalker_portal%2Fmisc%2Flogos%2F320%2F1281.png&quot;)</favourite>
    <favourite name="ASTRO SuperSport 3" thumb="http://portal.iptvprivateserver.tv/stalker_portal/misc/logos/320/1283.png">PlayMedia(&quot;plugin://plugin.video.stalker/?tmp=1&amp;genre_name=%5B%27Sports%27%5D&amp;title=ASTRO+SuperSport+3&amp;cmd=ffrt2+http%3A%2F%2Flocalhost%2Fch%2F2475&amp;portal=%7B%22name%22%3A+%22NFPS%22%2C+%22parental%22%3A+%22true%22%2C+%22url%22%3A+%22http%3A%2F%2Fportal.iptvprivateserver.tv%22%2C+%22mac%22%3A+%2200%3A1A%3A78%3AA2%3A70%3A48%22%2C+%22serial%22%3A+%7B%22custom%22%3A+false%7D%2C+%22password%22%3A+%22Popper247%22%7D&amp;mode=play&amp;logo_url=http%3A%2F%2Fportal.iptvprivateserver.tv%2Fstalker_portal%2Fmisc%2Flogos%2F320%2F1283.png&quot;)</favourite>
    <favourite name="Yes Network" thumb="http://portal.iptvprivateserver.tv/stalker_portal/misc/logos/320/1812.png">PlayMedia(&quot;plugin://plugin.video.stalker/?tmp=1&amp;genre_name=%5B%27Sports%27%5D&amp;title=Yes+Network&amp;cmd=ffrt2+http%3A%2F%2Flocalhost%2Fch%2F4832&amp;portal=%7B%22name%22%3A+%22NFPS%22%2C+%22parental%22%3A+%22true%22%2C+%22url%22%3A+%22http%3A%2F%2Fportal.iptvprivateserver.tv%22%2C+%22mac%22%3A+%2200%3A1A%3A78%3AA2%3A70%3A48%22%2C+%22serial%22%3A+%7B%22custom%22%3A+false%7D%2C+%22password%22%3A+%22Popper247%22%7D&amp;mode=play&amp;logo_url=http%3A%2F%2Fportal.iptvprivateserver.tv%2Fstalker_portal%2Fmisc%2Flogos%2F320%2F1812.png&quot;)</favourite>
    <favourite name="Fox Sun Sports Florida" thumb="http://portal.iptvprivateserver.tv/stalker_portal/misc/logos/320/1820.png">PlayMedia(&quot;plugin://plugin.video.stalker/?tmp=1&amp;genre_name=%5B%27Sports%27%5D&amp;title=Fox+Sun+Sports+Florida&amp;cmd=ffrt2+http%3A%2F%2Flocalhost%2Fch%2F4840&amp;portal=%7B%22name%22%3A+%22NFPS%22%2C+%22parental%22%3A+%22true%22%2C+%22url%22%3A+%22http%3A%2F%2Fportal.iptvprivateserver.tv%22%2C+%22mac%22%3A+%2200%3A1A%3A78%3AA2%3A70%3A48%22%2C+%22serial%22%3A+%7B%22custom%22%3A+false%7D%2C+%22password%22%3A+%22Popper247%22%7D&amp;mode=play&amp;logo_url=http%3A%2F%2Fportal.iptvprivateserver.tv%2Fstalker_portal%2Fmisc%2Flogos%2F320%2F1820.png&quot;)</favourite>
    <favourite name="Fox Sports Southwest" thumb="http://portal.iptvprivateserver.tv/stalker_portal/misc/logos/320/2722.png">PlayMedia(&quot;plugin://plugin.video.stalker/?tmp=1&amp;genre_name=%5B%27Sports%27%5D&amp;title=Fox+Sports+Southwest&amp;cmd=ffrt2+http%3A%2F%2Flocalhost%2Fch%2F6997&amp;portal=%7B%22name%22%3A+%22NFPS%22%2C+%22parental%22%3A+%22true%22%2C+%22url%22%3A+%22http%3A%2F%2Fportal.iptvprivateserver.tv%22%2C+%22mac%22%3A+%2200%3A1A%3A78%3AA2%3A70%3A48%22%2C+%22serial%22%3A+%7B%22custom%22%3A+false%7D%2C+%22password%22%3A+%22Popper247%22%7D&amp;mode=play&amp;logo_url=http%3A%2F%2Fportal.iptvprivateserver.tv%2Fstalker_portal%2Fmisc%2Flogos%2F320%2F2722.png&quot;)</favourite>
    <favourite name="Fox Sports Prime Ticket" thumb="http://portal.iptvprivateserver.tv/stalker_portal/misc/logos/320/2719.png">PlayMedia(&quot;plugin://plugin.video.stalker/?tmp=1&amp;genre_name=%5B%27Sports%27%5D&amp;title=Fox+Sports+Prime+Ticket&amp;cmd=ffrt2+http%3A%2F%2Flocalhost%2Fch%2F6994&amp;portal=%7B%22name%22%3A+%22NFPS%22%2C+%22parental%22%3A+%22true%22%2C+%22url%22%3A+%22http%3A%2F%2Fportal.iptvprivateserver.tv%22%2C+%22mac%22%3A+%2200%3A1A%3A78%3AA2%3A70%3A48%22%2C+%22serial%22%3A+%7B%22custom%22%3A+false%7D%2C+%22password%22%3A+%22Popper247%22%7D&amp;mode=play&amp;logo_url=http%3A%2F%2Fportal.iptvprivateserver.tv%2Fstalker_portal%2Fmisc%2Flogos%2F320%2F2719.png&quot;)</favourite>
    <favourite name="Sportnet LA" thumb="http://portal.iptvprivateserver.tv/stalker_portal/misc/logos/320/2749.png">PlayMedia(&quot;plugin://plugin.video.stalker/?tmp=1&amp;genre_name=%5B%27Sports%27%5D&amp;title=Sportnet+LA&amp;cmd=ffrt2+http%3A%2F%2Flocalhost%2Fch%2F7189&amp;portal=%7B%22name%22%3A+%22NFPS%22%2C+%22parental%22%3A+%22true%22%2C+%22url%22%3A+%22http%3A%2F%2Fportal.iptvprivateserver.tv%22%2C+%22mac%22%3A+%2200%3A1A%3A78%3AA2%3A70%3A48%22%2C+%22serial%22%3A+%7B%22custom%22%3A+false%7D%2C+%22password%22%3A+%22Popper247%22%7D&amp;mode=play&amp;logo_url=http%3A%2F%2Fportal.iptvprivateserver.tv%2Fstalker_portal%2Fmisc%2Flogos%2F320%2F2749.png&quot;)</favourite>
    <favourite name="Sport 1" thumb="http://portal.iptvprivateserver.tv/stalker_portal/misc/logos/320/437.png">PlayMedia(&quot;plugin://plugin.video.stalker/?tmp=0&amp;genre_name=%5B%27Sports%27%5D&amp;title=Sport+1&amp;cmd=http%3A%2F%2Fxrxs.net%2Fvideo%2Flive-p12netw-4728.m3u8&amp;portal=%7B%22name%22%3A+%22NFPS%22%2C+%22parental%22%3A+%22true%22%2C+%22url%22%3A+%22http%3A%2F%2Fportal.iptvprivateserver.tv%22%2C+%22mac%22%3A+%2200%3A1A%3A78%3AA2%3A70%3A48%22%2C+%22serial%22%3A+%7B%22custom%22%3A+false%7D%2C+%22password%22%3A+%22Popper247%22%7D&amp;mode=play&amp;logo_url=http%3A%2F%2Fportal.iptvprivateserver.tv%2Fstalker_portal%2Fmisc%2Flogos%2F320%2F437.png&quot;)</favourite>
    <favourite name="Sport 2" thumb="http://portal.iptvprivateserver.tv/stalker_portal/misc/logos/320/287.png">PlayMedia(&quot;plugin://plugin.video.stalker/?tmp=0&amp;genre_name=%5B%27Sports%27%5D&amp;title=Sport+2&amp;cmd=http%3A%2F%2Fxrxs.net%2Fvideo%2Flive-p12moun-4728.m3u8&amp;portal=%7B%22name%22%3A+%22NFPS%22%2C+%22parental%22%3A+%22true%22%2C+%22url%22%3A+%22http%3A%2F%2Fportal.iptvprivateserver.tv%22%2C+%22mac%22%3A+%2200%3A1A%3A78%3AA2%3A70%3A48%22%2C+%22serial%22%3A+%7B%22custom%22%3A+false%7D%2C+%22password%22%3A+%22Popper247%22%7D&amp;mode=play&amp;logo_url=http%3A%2F%2Fportal.iptvprivateserver.tv%2Fstalker_portal%2Fmisc%2Flogos%2F320%2F287.png&quot;)</favourite>
    <favourite name="Sport 3" thumb="http://portal.iptvprivateserver.tv/stalker_portal/misc/logos/320/345.png">PlayMedia(&quot;plugin://plugin.video.stalker/?tmp=0&amp;genre_name=%5B%27Sports%27%5D&amp;title=Sport+3&amp;cmd=http%3A%2F%2Fxrxs.net%2Fvideo%2Flive-p12oreg-4728.m3u8&amp;portal=%7B%22name%22%3A+%22NFPS%22%2C+%22parental%22%3A+%22true%22%2C+%22url%22%3A+%22http%3A%2F%2Fportal.iptvprivateserver.tv%22%2C+%22mac%22%3A+%2200%3A1A%3A78%3AA2%3A70%3A48%22%2C+%22serial%22%3A+%7B%22custom%22%3A+false%7D%2C+%22password%22%3A+%22Popper247%22%7D&amp;mode=play&amp;logo_url=http%3A%2F%2Fportal.iptvprivateserver.tv%2Fstalker_portal%2Fmisc%2Flogos%2F320%2F345.png&quot;)</favourite>
    <favourite name="Sport 4" thumb="http://portal.iptvprivateserver.tv/stalker_portal/misc/logos/320/435.png">PlayMedia(&quot;plugin://plugin.video.stalker/?tmp=0&amp;genre_name=%5B%27Sports%27%5D&amp;title=Sport+4&amp;cmd=http%3A%2F%2Fxrxs.net%2Fvideo%2Flive-p12baya-4728.m3u8&amp;portal=%7B%22name%22%3A+%22NFPS%22%2C+%22parental%22%3A+%22true%22%2C+%22url%22%3A+%22http%3A%2F%2Fportal.iptvprivateserver.tv%22%2C+%22mac%22%3A+%2200%3A1A%3A78%3AA2%3A70%3A48%22%2C+%22serial%22%3A+%7B%22custom%22%3A+false%7D%2C+%22password%22%3A+%22Popper247%22%7D&amp;mode=play&amp;logo_url=http%3A%2F%2Fportal.iptvprivateserver.tv%2Fstalker_portal%2Fmisc%2Flogos%2F320%2F435.png&quot;)</favourite>
    <favourite name="Sport 5" thumb="http://portal.iptvprivateserver.tv/stalker_portal/misc/logos/320/439.png">PlayMedia(&quot;plugin://plugin.video.stalker/?tmp=0&amp;genre_name=%5B%27Sports%27%5D&amp;title=Sport+5&amp;cmd=http%3A%2F%2Fxrxs.net%2Fvideo%2Flive-p12losa-4728.m3u8&amp;portal=%7B%22name%22%3A+%22NFPS%22%2C+%22parental%22%3A+%22true%22%2C+%22url%22%3A+%22http%3A%2F%2Fportal.iptvprivateserver.tv%22%2C+%22mac%22%3A+%2200%3A1A%3A78%3AA2%3A70%3A48%22%2C+%22serial%22%3A+%7B%22custom%22%3A+false%7D%2C+%22password%22%3A+%22Popper247%22%7D&amp;mode=play&amp;logo_url=http%3A%2F%2Fportal.iptvprivateserver.tv%2Fstalker_portal%2Fmisc%2Flogos%2F320%2F439.png&quot;)</favourite>
    <favourite name="Sport 6" thumb="http://portal.iptvprivateserver.tv/stalker_portal/misc/logos/320/441.png">PlayMedia(&quot;plugin://plugin.video.stalker/?tmp=0&amp;genre_name=%5B%27Sports%27%5D&amp;title=Sport+6&amp;cmd=http%3A%2F%2Fxrxs.net%2Fvideo%2Flive-p12wash-4728.m3u8&amp;portal=%7B%22name%22%3A+%22NFPS%22%2C+%22parental%22%3A+%22true%22%2C+%22url%22%3A+%22http%3A%2F%2Fportal.iptvprivateserver.tv%22%2C+%22mac%22%3A+%2200%3A1A%3A78%3AA2%3A70%3A48%22%2C+%22serial%22%3A+%7B%22custom%22%3A+false%7D%2C+%22password%22%3A+%22Popper247%22%7D&amp;mode=play&amp;logo_url=http%3A%2F%2Fportal.iptvprivateserver.tv%2Fstalker_portal%2Fmisc%2Flogos%2F320%2F441.png&quot;)</favourite>
    <favourite name="Sport 7" thumb="http://portal.iptvprivateserver.tv/stalker_portal/misc/logos/320/343.png">PlayMedia(&quot;plugin://plugin.video.stalker/?tmp=0&amp;genre_name=%5B%27Sports%27%5D&amp;title=Sport+7&amp;cmd=http%3A%2F%2Fmotorsport.hopto.org%3A8080%2F&amp;portal=%7B%22name%22%3A+%22NFPS%22%2C+%22parental%22%3A+%22true%22%2C+%22url%22%3A+%22http%3A%2F%2Fportal.iptvprivateserver.tv%22%2C+%22mac%22%3A+%2200%3A1A%3A78%3AA2%3A70%3A48%22%2C+%22serial%22%3A+%7B%22custom%22%3A+false%7D%2C+%22password%22%3A+%22Popper247%22%7D&amp;mode=play&amp;logo_url=http%3A%2F%2Fportal.iptvprivateserver.tv%2Fstalker_portal%2Fmisc%2Flogos%2F320%2F343.png&quot;)</favourite>
    <favourite name="Sport 8" thumb="http://portal.iptvprivateserver.tv/stalker_portal/misc/logos/320/82.png">PlayMedia(&quot;plugin://plugin.video.stalker/?tmp=0&amp;genre_name=%5B%27Sports%27%5D&amp;title=Sport+8&amp;cmd=rtmp%3A%2F%2Fcp39414.live.edgefcs.net%2Flive%2Fevent1%409756&amp;portal=%7B%22name%22%3A+%22NFPS%22%2C+%22parental%22%3A+%22true%22%2C+%22url%22%3A+%22http%3A%2F%2Fportal.iptvprivateserver.tv%22%2C+%22mac%22%3A+%2200%3A1A%3A78%3AA2%3A70%3A48%22%2C+%22serial%22%3A+%7B%22custom%22%3A+false%7D%2C+%22password%22%3A+%22Popper247%22%7D&amp;mode=play&amp;logo_url=http%3A%2F%2Fportal.iptvprivateserver.tv%2Fstalker_portal%2Fmisc%2Flogos%2F320%2F82.png&quot;)</favourite>
    <favourite name="Ultimate Events &amp; Sports" thumb="http://portal.iptvprivateserver.tv/stalker_portal/misc/logos/320/1197.png">PlayMedia(&quot;plugin://plugin.video.stalker/?tmp=0&amp;genre_name=%5B%27Sports%27%5D&amp;title=Ultimate+Events+%26+Sports&amp;cmd=ffrt2+http%3A%2F%2Flb.iptvserver.tv%3A8080%2Fredirect%2FLiveEdge%2Fboxnation.stream%2Fplaylist.m3u8&amp;portal=%7B%22name%22%3A+%22NFPS%22%2C+%22parental%22%3A+%22true%22%2C+%22url%22%3A+%22http%3A%2F%2Fportal.iptvprivateserver.tv%22%2C+%22mac%22%3A+%2200%3A1A%3A78%3AA2%3A70%3A48%22%2C+%22serial%22%3A+%7B%22custom%22%3A+false%7D%2C+%22password%22%3A+%22Popper247%22%7D&amp;mode=play&amp;logo_url=http%3A%2F%2Fportal.iptvprivateserver.tv%2Fstalker_portal%2Fmisc%2Flogos%2F320%2F1197.png&quot;)</favourite>
    <favourite name="ESPN Latinoamerica" thumb="http://portal.iptvprivateserver.tv/stalker_portal/misc/logos/320/819.png">PlayMedia(&quot;plugin://plugin.video.stalker/?tmp=1&amp;genre_name=%5B%27Sports%27%5D&amp;title=ESPN+Latinoamerica&amp;cmd=ffrt2+http%3A%2F%2Flocalhost%2Fch%2F2487&amp;portal=%7B%22name%22%3A+%22NFPS%22%2C+%22parental%22%3A+%22true%22%2C+%22url%22%3A+%22http%3A%2F%2Fportal.iptvprivateserver.tv%22%2C+%22mac%22%3A+%2200%3A1A%3A78%3AA2%3A70%3A48%22%2C+%22serial%22%3A+%7B%22custom%22%3A+false%7D%2C+%22password%22%3A+%22Popper247%22%7D&amp;mode=play&amp;logo_url=http%3A%2F%2Fportal.iptvprivateserver.tv%2Fstalker_portal%2Fmisc%2Flogos%2F320%2F819.png&quot;)</favourite>
    <favourite name="ESPN 2 Latinoamerica" thumb="http://portal.iptvprivateserver.tv/stalker_portal/misc/logos/320/123.png">PlayMedia(&quot;plugin://plugin.video.stalker/?tmp=1&amp;genre_name=%5B%27Sports%27%5D&amp;title=ESPN+2+Latinoamerica&amp;cmd=ffrt2+http%3A%2F%2Flocalhost%2Fch%2F301&amp;portal=%7B%22name%22%3A+%22NFPS%22%2C+%22parental%22%3A+%22true%22%2C+%22url%22%3A+%22http%3A%2F%2Fportal.iptvprivateserver.tv%22%2C+%22mac%22%3A+%2200%3A1A%3A78%3AA2%3A70%3A48%22%2C+%22serial%22%3A+%7B%22custom%22%3A+false%7D%2C+%22password%22%3A+%22Popper247%22%7D&amp;mode=play&amp;logo_url=http%3A%2F%2Fportal.iptvprivateserver.tv%2Fstalker_portal%2Fmisc%2Flogos%2F320%2F123.png&quot;)</favourite>
    <favourite name="ESPN 3 Latinoamerica" thumb="http://portal.iptvprivateserver.tv/stalker_portal/misc/logos/320/125.png">PlayMedia(&quot;plugin://plugin.video.stalker/?tmp=1&amp;genre_name=%5B%27Sports%27%5D&amp;title=ESPN+3+Latinoamerica&amp;cmd=ffrt2+http%3A%2F%2Flocalhost%2Fch%2F3806&amp;portal=%7B%22name%22%3A+%22NFPS%22%2C+%22parental%22%3A+%22true%22%2C+%22url%22%3A+%22http%3A%2F%2Fportal.iptvprivateserver.tv%22%2C+%22mac%22%3A+%2200%3A1A%3A78%3AA2%3A70%3A48%22%2C+%22serial%22%3A+%7B%22custom%22%3A+false%7D%2C+%22password%22%3A+%22Popper247%22%7D&amp;mode=play&amp;logo_url=http%3A%2F%2Fportal.iptvprivateserver.tv%2Fstalker_portal%2Fmisc%2Flogos%2F320%2F125.png&quot;)</favourite>
    <favourite name="Fox Sports Latinoamerica" thumb="http://portal.iptvprivateserver.tv/stalker_portal/misc/logos/320/831.png">PlayMedia(&quot;plugin://plugin.video.stalker/?tmp=1&amp;genre_name=%5B%27Sports%27%5D&amp;title=Fox+Sports+Latinoamerica&amp;cmd=ffrt2+http%3A%2F%2Flocalhost%2Fch%2F2505&amp;portal=%7B%22name%22%3A+%22NFPS%22%2C+%22parental%22%3A+%22true%22%2C+%22url%22%3A+%22http%3A%2F%2Fportal.iptvprivateserver.tv%22%2C+%22mac%22%3A+%2200%3A1A%3A78%3AA2%3A70%3A48%22%2C+%22serial%22%3A+%7B%22custom%22%3A+false%7D%2C+%22password%22%3A+%22Popper247%22%7D&amp;mode=play&amp;logo_url=http%3A%2F%2Fportal.iptvprivateserver.tv%2Fstalker_portal%2Fmisc%2Flogos%2F320%2F831.png&quot;)</favourite>
    <favourite name="Fox Sports 2 Latinoamerica" thumb="http://portal.iptvprivateserver.tv/stalker_portal/misc/logos/320/215.png">PlayMedia(&quot;plugin://plugin.video.stalker/?tmp=1&amp;genre_name=%5B%27Sports%27%5D&amp;title=Fox+Sports+2+Latinoamerica&amp;cmd=ffrt2+http%3A%2F%2Flocalhost%2Fch%2F475&amp;portal=%7B%22name%22%3A+%22NFPS%22%2C+%22parental%22%3A+%22true%22%2C+%22url%22%3A+%22http%3A%2F%2Fportal.iptvprivateserver.tv%22%2C+%22mac%22%3A+%2200%3A1A%3A78%3AA2%3A70%3A48%22%2C+%22serial%22%3A+%7B%22custom%22%3A+false%7D%2C+%22password%22%3A+%22Popper247%22%7D&amp;mode=play&amp;logo_url=http%3A%2F%2Fportal.iptvprivateserver.tv%2Fstalker_portal%2Fmisc%2Flogos%2F320%2F215.png&quot;)</favourite>
    <favourite name="Fox Sports 3 Latinoamerica" thumb="http://portal.iptvprivateserver.tv/stalker_portal/misc/logos/320/127.png">PlayMedia(&quot;plugin://plugin.video.stalker/?tmp=1&amp;genre_name=%5B%27Sports%27%5D&amp;title=Fox+Sports+3+Latinoamerica&amp;cmd=ffrt2+http%3A%2F%2Flocalhost%2Fch%2F445&amp;portal=%7B%22name%22%3A+%22NFPS%22%2C+%22parental%22%3A+%22true%22%2C+%22url%22%3A+%22http%3A%2F%2Fportal.iptvprivateserver.tv%22%2C+%22mac%22%3A+%2200%3A1A%3A78%3AA2%3A70%3A48%22%2C+%22serial%22%3A+%7B%22custom%22%3A+false%7D%2C+%22password%22%3A+%22Popper247%22%7D&amp;mode=play&amp;logo_url=http%3A%2F%2Fportal.iptvprivateserver.tv%2Fstalker_portal%2Fmisc%2Flogos%2F320%2F127.png&quot;)</favourite>
    <favourite name="F1 Latinoamerica" thumb="http://portal.iptvprivateserver.tv/stalker_portal/misc/logos/320/969.png">PlayMedia(&quot;plugin://plugin.video.stalker/?tmp=1&amp;genre_name=%5B%27Sports%27%5D&amp;title=F1+Latinoamerica&amp;cmd=ffrt2+http%3A%2F%2Flocalhost%2Fch%2F1695&amp;portal=%7B%22name%22%3A+%22NFPS%22%2C+%22parental%22%3A+%22true%22%2C+%22url%22%3A+%22http%3A%2F%2Fportal.iptvprivateserver.tv%22%2C+%22mac%22%3A+%2200%3A1A%3A78%3AA2%3A70%3A48%22%2C+%22serial%22%3A+%7B%22custom%22%3A+false%7D%2C+%22password%22%3A+%22Popper247%22%7D&amp;mode=play&amp;logo_url=http%3A%2F%2Fportal.iptvprivateserver.tv%2Fstalker_portal%2Fmisc%2Flogos%2F320%2F969.png&quot;)</favourite>
    <favourite name="UFC Network Latinoamerica" thumb="http://portal.iptvprivateserver.tv/stalker_portal/misc/logos/320/625.png">PlayMedia(&quot;plugin://plugin.video.stalker/?tmp=1&amp;genre_name=%5B%27Sports%27%5D&amp;title=UFC+Network+Latinoamerica&amp;cmd=ffrt2+http%3A%2F%2Flocalhost%2Fch%2F9628&amp;portal=%7B%22name%22%3A+%22NFPS%22%2C+%22parental%22%3A+%22true%22%2C+%22url%22%3A+%22http%3A%2F%2Fportal.iptvprivateserver.tv%22%2C+%22mac%22%3A+%2200%3A1A%3A78%3AA2%3A70%3A48%22%2C+%22serial%22%3A+%7B%22custom%22%3A+false%7D%2C+%22password%22%3A+%22Popper247%22%7D&amp;mode=play&amp;logo_url=http%3A%2F%2Fportal.iptvprivateserver.tv%2Fstalker_portal%2Fmisc%2Flogos%2F320%2F625.png&quot;)</favourite>
    <favourite name="BeinSports en Español" thumb="http://portal.iptvprivateserver.tv/stalker_portal/misc/logos/320/1239.png">PlayMedia(&quot;plugin://plugin.video.stalker/?tmp=1&amp;genre_name=%5B%27Sports%27%5D&amp;title=BeinSports+en+Espa%C3%B1ol&amp;cmd=ffrt2+http%3A%2F%2Flocalhost%2Fch%2F2527&amp;portal=%7B%22name%22%3A+%22NFPS%22%2C+%22parental%22%3A+%22true%22%2C+%22url%22%3A+%22http%3A%2F%2Fportal.iptvprivateserver.tv%22%2C+%22mac%22%3A+%2200%3A1A%3A78%3AA2%3A70%3A48%22%2C+%22serial%22%3A+%7B%22custom%22%3A+false%7D%2C+%22password%22%3A+%22Popper247%22%7D&amp;mode=play&amp;logo_url=http%3A%2F%2Fportal.iptvprivateserver.tv%2Fstalker_portal%2Fmisc%2Flogos%2F320%2F1239.png&quot;)</favourite>
    <favourite name="Planeta Futbol" thumb="http://portal.iptvprivateserver.tv/stalker_portal/misc/logos/320/863.png">PlayMedia(&quot;plugin://plugin.video.stalker/?tmp=1&amp;genre_name=%5B%27Sports%27%5D&amp;title=Planeta+Futbol&amp;cmd=ffrt2+http%3A%2F%2Flocalhost%2Fch%2F1477&amp;portal=%7B%22name%22%3A+%22NFPS%22%2C+%22parental%22%3A+%22true%22%2C+%22url%22%3A+%22http%3A%2F%2Fportal.iptvprivateserver.tv%22%2C+%22mac%22%3A+%2200%3A1A%3A78%3AA2%3A70%3A48%22%2C+%22serial%22%3A+%7B%22custom%22%3A+false%7D%2C+%22password%22%3A+%22Popper247%22%7D&amp;mode=play&amp;logo_url=http%3A%2F%2Fportal.iptvprivateserver.tv%2Fstalker_portal%2Fmisc%2Flogos%2F320%2F863.png&quot;)</favourite>
    <favourite name="Golf Channel Latinoamerica" thumb="http://portal.iptvprivateserver.tv/stalker_portal/misc/logos/320/877.png">PlayMedia(&quot;plugin://plugin.video.stalker/?tmp=1&amp;genre_name=%5B%27Sports%27%5D&amp;title=Golf+Channel+Latinoamerica&amp;cmd=ffrt2+http%3A%2F%2Flocalhost%2Fch%2F1489&amp;portal=%7B%22name%22%3A+%22NFPS%22%2C+%22parental%22%3A+%22true%22%2C+%22url%22%3A+%22http%3A%2F%2Fportal.iptvprivateserver.tv%22%2C+%22mac%22%3A+%2200%3A1A%3A78%3AA2%3A70%3A48%22%2C+%22serial%22%3A+%7B%22custom%22%3A+false%7D%2C+%22password%22%3A+%22Popper247%22%7D&amp;mode=play&amp;logo_url=http%3A%2F%2Fportal.iptvprivateserver.tv%2Fstalker_portal%2Fmisc%2Flogos%2F320%2F877.png&quot;)</favourite>
    <favourite name="OnDirectv" thumb="http://portal.iptvprivateserver.tv/stalker_portal/misc/logos/320/2984.png">PlayMedia(&quot;plugin://plugin.video.stalker/?tmp=1&amp;genre_name=%5B%27Sports%27%5D&amp;title=OnDirectv&amp;cmd=ffrt2+http%3A%2F%2Flocalhost%2Fch%2F8464&amp;portal=%7B%22name%22%3A+%22NFPS%22%2C+%22parental%22%3A+%22true%22%2C+%22url%22%3A+%22http%3A%2F%2Fportal.iptvprivateserver.tv%22%2C+%22mac%22%3A+%2200%3A1A%3A78%3AA2%3A70%3A48%22%2C+%22serial%22%3A+%7B%22custom%22%3A+false%7D%2C+%22password%22%3A+%22Popper247%22%7D&amp;mode=play&amp;logo_url=http%3A%2F%2Fportal.iptvprivateserver.tv%2Fstalker_portal%2Fmisc%2Flogos%2F320%2F2984.png&quot;)</favourite>
    <favourite name="Deportes 13" thumb="http://portal.iptvprivateserver.tv/stalker_portal/misc/logos/320/2974.png">PlayMedia(&quot;plugin://plugin.video.stalker/?tmp=1&amp;genre_name=%5B%27Sports%27%5D&amp;title=Deportes+13&amp;cmd=ffrt2+http%3A%2F%2Flocalhost%2Fch%2F8449&amp;portal=%7B%22name%22%3A+%22NFPS%22%2C+%22parental%22%3A+%22true%22%2C+%22url%22%3A+%22http%3A%2F%2Fportal.iptvprivateserver.tv%22%2C+%22mac%22%3A+%2200%3A1A%3A78%3AA2%3A70%3A48%22%2C+%22serial%22%3A+%7B%22custom%22%3A+false%7D%2C+%22password%22%3A+%22Popper247%22%7D&amp;mode=play&amp;logo_url=http%3A%2F%2Fportal.iptvprivateserver.tv%2Fstalker_portal%2Fmisc%2Flogos%2F320%2F2974.png&quot;)</favourite>
    
</favourites>