<?xml version="1.0" encoding="UTF-8" standalone="yes"?>
<addon id="plugin.video.livetvinternational" name="*[COLOR yellow]Live TV-International[/COLOR]" version="1.0" provider-name="Vinh Computer Repair">
<requires> 
	<import addon="xbmc.python" version="2.1.0"/>   
</requires>
<extension point="xbmc.python.pluginsource" library="default.py">  
	<provides>video</provides>    
</extension>
  <extension point="xbmc.addon.metadata">
    <summary>Live TV-International</summary>
    <description>Watch Live TV</description>
<disclaimer>This add-on is streamming video from Internet.  This is not responsible for the accuracy, compliance, copyright, legality, decency, or any other aspect of the content of Accessasia.tv and the other sites. If you have any legal issues please contact appropriate media file owners / hosters</disclaimer>
    <platform>all</platform>
  </extension>
</addon>
