<?xml version="1.0" encoding="UTF-8" standalone="yes"?>
	<addon id="plugin.video.xemphimso"  version="0.0.4.1" name="XemPhimSo" provider-name="traitravinh, V137">
		<requires>
			<import addon="xbmc.python" version="2.1.0" />
			<import addon="script.module.requests" version="2.4.3" />
			<import addon="script.module.beautifulsoup" version="3.2.1" />
			<import addon="script.module.beautifulsoup4"/>
		</requires>
		<extension point="xbmc.python.pluginsource" library="xemphimso.py"/>
		<extension point="xbmc.addon.metadata">
			<summary>XemPhimSo</summary>
			<description>XemPhimSo (Vietnamese)</description>
			<platform>all</platform>
		</extension>
	</addon>