﻿<?xml version="1.0" encoding="utf-8" standalone="yes"?>

<channel>
<items>


<item>
<title>[COLOR yellow][B]TV - Hải Ngoại[/B][/COLOR]</title>
<link>https://raw.githubusercontent.com/vinhcomp/xml/master/xml/tvhaingoai.xml</link>
<thumbnail>https://raw.githubusercontent.com/vinhcomp/xml/master/repository.vinh/tvhaingoai.png</thumbnail>
</item>

<item>
<title>[COLOR yellow][B]TV - UNO IPTV[/B][/COLOR]</title>
<link>https://raw.githubusercontent.com/vinhcomp/xml/master/xml/uno.xml</link>
<thumbnail>https://raw.githubusercontent.com/vinhcomp/xml/master/repository.vinh/uno1.png</thumbnail>
</item>

<item>
<title>[COLOR yellow][B]TV - Trong Nước[/B][/COLOR]</title>
<link>https://raw.githubusercontent.com/vinhcomp/xml/master/xml/tvtrongnuoc.xml</link>
<thumbnail>https://raw.githubusercontent.com/vinhcomp/xml/master/repository.vinh/tvtrongnuoc.png</thumbnail>
</item>

<item>
<title>[COLOR yellow][B]TV - U.S.A[/B][/COLOR]</title>
<link>https://raw.githubusercontent.com/vinhcomp/xml/master/xml/tvusa.xml</link>
<thumbnail>https://raw.githubusercontent.com/vinhcomp/xml/master/repository.vinh/tvusa.png</thumbnail>
</item>

<item>
<title>[COLOR yellow][B]Video Music - Ca Nhạc[/B][/COLOR]</title>
<link>https://raw.githubusercontent.com/vinhcomp/xml/master/xml/music.xml</link>
<thumbnail>https://raw.githubusercontent.com/vinhcomp/xml/master/repository.vinh/videomusic.png</thumbnail>
</item>

<item>
<title>[COLOR yellow][B]Movies - Phim Truyện[/B][/COLOR]</title>
<link>https://raw.githubusercontent.com/vinhcomp/xml/master/xml/movies.xml</link>
<thumbnail>https://raw.githubusercontent.com/vinhcomp/xml/master/repository.vinh/phimle.png</thumbnail>
</item>

<item>
<title>[COLOR yellow][B]TV - THỂ THAO[/B][/COLOR]</title>
<link>https://raw.githubusercontent.com/vinhcomp/xml/master/xml/kenhthethao.xml</link>
<thumbnail>https://raw.githubusercontent.com/vinhcomp/xml/master/repository.vinh/kenhthethao.png</thumbnail>
</item>

<item>
<title>[COLOR yellow][B]Youtube - Dailymotion[/B][/COLOR]</title>
<link>https://raw.githubusercontent.com/vinhcomp/xml/master/xml/search.xml</link>
<thumbnail>https://raw.githubusercontent.com/vinhcomp/xml/master/repository.vinh/search.png</thumbnail>
</item>

<item>
<title>[COLOR yellow][B]TV - Tổng Hợp[/B][/COLOR]</title>
<link>https://raw.githubusercontent.com/vinhcomp/xml/master/xml/viettv.xml</link>
<thumbnail>https://raw.githubusercontent.com/vinhcomp/xml/master/repository.vinh/othertv.png</thumbnail>
</item>

<item>
<title>[COLOR yellow][B]TV - Thế Giới[/B][/COLOR]</title>
<link>https://raw.githubusercontent.com/vinhcomp/xml/master/xml/tvworld.xml</link>
<thumbnail>https://raw.githubusercontent.com/vinhcomp/xml/master/repository.vinh/worldtv.png</thumbnail>
</item>

<item>
<title>[COLOR yellow][B]Thiếu Nhi - Kids Place[/B][/COLOR]</title>
<link>https://raw.githubusercontent.com/vinhcomp/xml/master/xml/kenhthieunhi.xml</link>
<thumbnail>https://raw.githubusercontent.com/vinhcomp/xml/master/repository.vinh/kenhthieunhi.png</thumbnail>
</item>

<item>
<title>[COLOR yellow][B]Tin Tức Mỗi Ngày[/B][/COLOR]</title>
<link>https://raw.githubusercontent.com/vinhcomp/xml/master/xml/tintuc.xml</link>
<thumbnail>https://raw.githubusercontent.com/vinhcomp/xml/master/repository.vinh/tintuc.png</thumbnail>
</item>

<item>
<title>[COLOR yellow][COLOR yellow][B]Du Lịch - Khám Phá[/B][/COLOR]</title>
<link>https://raw.githubusercontent.com/vinhcomp/xml/master/xml/dulich.xml</link>
<thumbnail>https://raw.githubusercontent.com/vinhcomp/xml/master/repository.vinh/dulich1.png</thumbnail>
</item>

<item>
<title>[COLOR yellow][B]Giải Trí Tổng Hợp[/B][/COLOR]</title>
<link>https://raw.githubusercontent.com/vinhcomp/xml/master/xml/tonghop.xml</link>
<thumbnail>https://raw.githubusercontent.com/vinhcomp/xml/master/repository.vinh/tvshow1.png</thumbnail>
</item>

<item>
<title>[COLOR yellow][B]Karaoke[/B][/COLOR]</title>
<link>https://raw.githubusercontent.com/vinhcomp/xml/master/xml/karaoke.xml</link>
<thumbnail>https://raw.githubusercontent.com/vinhcomp/xml/master/repository.vinh/karaoke.png</thumbnail>
</item>

<item>
<title>[COLOR yellow][B]Radio - FM[/B][/COLOR]</title>
<link>https://raw.githubusercontent.com/vinhcomp/xml/master/xml/radio.xml</link>
<thumbnail>https://raw.githubusercontent.com/vinhcomp/xml/master/repository.vinh/radio.png</thumbnail>
</item>

<item>
<title>[COLOR yellow][B]Testing Channels[/B][/COLOR]</title>
<link>https://raw.githubusercontent.com/vinhcomp/xml/master/xml/testing.xml</link>
<thumbnail>https://raw.githubusercontent.com/vinhcomp/xml/master/repository.vinh/testing.png</thumbnail>
</item>



</items>
</channel>

























