<?xml version="1.0" encoding="UTF-8"?>
<addon id="plugin.video.giaitritv" name="**[COLOR yellow]Movies - HD[/COLOR]" version="1.0.45" provider-name="MetalKettle">

  <requires>
    
    <import addon="xbmc.python" version="2.1.0" />
	<import addon="repository.xbmcadult" />
	<import addon="repository.kodibae" />
	<import addon="repository.bimozie" />
	<import addon="repository.hieuitmediacenter" />	
    <import addon="plugin.video.youtube" version="3.0.0" />
	<import addon="plugin.video.SportsDevil" />
	<import addon="plugin.video.live.streamspro" />
	<import addon="script.module.urlresolver" />
	<import addon="script.module.flask" />	

  </requires>

  <extension point="xbmc.python.pluginsource" library="default.py"/>

  <extension point="xbmc.addon.metadata">

    <summary lang="en"></summary>

    <description lang="en"></description>

    <platform>all</platform>

  </extension>

</addon>
