<?xml version="1.0" encoding="UTF-8" standalone="yes"?>
<addon
  id="plugin.video.kodi4vn.launcher"
  version="2.3.8.1"
  name="**[COLOR yellow]Kodi4VN Launcher[/COLOR]"
  provider-name="kodi4vn">
  <requires>
    <import addon="xbmc.python" version="2.1.0"/>
    <import addon="script.module.xbmcswift2" version="0.0.7" />
    <import addon="plugin.video.youtube" version="4.4.1" />
    <import addon="script.module.requests" version="1.0" />
    <import addon="service.kodi4vn.maintenance" version="0.1" />
    <import addon="script.module.httplib2" version="0.1" />
    <import addon="service.kodi4vn.iptvproxy" version="0.1" />
  </requires>
  <extension point="xbmc.python.pluginsource" library="default.py" />
  <extension point="xbmc.addon.metadata">
    <summary>fb.me/kodi4vn</summary>
    <description>Watch hundreds of Vietnamesse and English channels</description>
    <platform>all</platform>
  </extension>
</addon>