<?xml version="1.0" encoding="UTF-8" standalone="yes"?>
<addon id="plugin.video.giaitritv" name="*[COLOR yellow]Giai Tri - TV[/COLOR]" version="0.0.4" provider-name="Vinh Computer Repair">
    <requires>
    </requires>
    <extension point="xbmc.python.pluginsource"
               library="default.py">
        <provides>video</provides>
    </extension>
    <extension point="xbmc.addon.metadata">
        <platform>all</platform>
        <summary>Vinh Computer Repair</summary>
        <description>Addon for Vietnamese</description>
    </extension>
</addon>