<?xml version="1.0" encoding="utf-8" standalone="yes"?>

<stream>

<item>
<title>[COLOR lime]****Phim Lẻ - Đẳng Cấp HD****[/COLOR]</title>
<link>http://www.youtube.com</link>
<thumbnail></thumbnail>
</item>

<item>
<title>My PS Partner - Gọi Nhầm Người Yêu - 2012 - 18+</title>
<link>http://server1.dangcaphd.com/p6jdqdE5QKfXAYgVphim/My.Ps.partner.2012.mp4</link>
<thumbnail></thumbnail>
</item>
<item>
<title>Duel Love - Đấu Tình - 2010</title>
<link>http://server3.dangcaphd.com/p4R4cDQnzcUagcNa/phimle1510/Duel.Love.2010.HD.Viet.mp4</link>
<thumbnail></thumbnail>
</item>
<item>
<title>Up in the Air - Chênh Vênh Trên Mây - 2009</title>
<link>http://server2.dangcaphd.com/3ZKc7Af3BGZrgWSrNggs/Up.in.the.Air.2009.mp4</link>
<thumbnail></thumbnail>
</item>
<item>
<title>Claustrofobia - Nỗi Đau Thể Xác - 2011</title>
<link>http://server1.dangcaphd.com/p6jdqdE5QKfXAYgVphim/Claustrofobia.mp4</link>
<thumbnail></thumbnail>
</item>
<item>
<title>Road to Paloma - Đường Tới Paloma - 2014</title>
<link>http://server3.dangcaphd.com/p4R4cDQnzcUagcNa/demophimle/Road.to.Paloma.2014.mp4</link>
<thumbnail></thumbnail>
</item>
<item>
<title>L.dk - Tình Yêu Học Trò - 2014</title>
<link>http://server3.dangcaphd.com/p4R4cDQnzcUagcNa/demophimle/L.DK.2014.mp4</link>
<thumbnail></thumbnail>
</item>
<item>
<title>11:00 AM - Trở Về Quá Khứ - 2013</title>
<link>http://server3.dangcaphd.com/p4R4cDQnzcUagcNa/demophimle/11.00.AM.2013.Han.Quoc.Viet.mp4</link>
<thumbnail></thumbnail>
</item>
<item>
<title>Money Train - Tàu Chở Tiền - 1995</title>
<link>http://server3.dangcaphd.com/p4R4cDQnzcUagcNa/phimle2810/Money.Train.1995.ViE.mp4</link>
<thumbnail></thumbnail>
</item>
<item>
<title>Love Story - Tình Yêu Câu Chuyện -1970</title>
<link>http://server3.dangcaphd.com/p4R4cDQnzcUagcNa/phimle2810/Love.Story.1970.mp4</link>
<thumbnail></thumbnail>
</item>
<item>
<title>Immoral Tales - Chuyện Phi Luân - 1974</title>
<link>http://server3.dangcaphd.com/p4R4cDQnzcUagcNa/phimle2810/Immoral.Tales.1974.mp4</link>
<thumbnail></thumbnail>
</item>
<item>
<title>The Last Emperor - Hoàng Đế Cuối Cùng - 1987</title>
<link>http://server3.dangcaphd.com/p4R4cDQnzcUagcNa/phimle2810/The.Last.Emperor.1987.mp4</link>
<thumbnail></thumbnail>
</item>
<item>
<title>For the Emperor - Nữ Giám Đốc Quyến Rũ - 2014</title>
<link>http://server3.dangcaphd.com/p4R4cDQnzcUagcNa/phimle2810/For.the.Emperor.2014.mp4</link>
<thumbnail></thumbnail>
</item>
<item>
<title>Mùi Đu Đủ Xanh - The Scent of Green Papaya - 1993</title>
<link>http://server3.dangcaphd.com/p4R4cDQnzcUagcNa/phimle0410/the.scent.of.green.papaya.1993.Viet.mp4</link>
<thumbnail></thumbnail>
</item>
<item>
<title>8 Tiếng Điên Cuồng - Walk of Shame - 2014</title>
<link>http://server3.dangcaphd.com/p4R4cDQnzcUagcNa/Walk.of.Shame.2014.mp4</link>
<thumbnail></thumbnail>
</item>
<item>
<title>Flight - Chuyến Bay - 2012</title>
<link>http://server1.dangcaphd.com/p6jdqdE5QKfXAYgVphim/Flight.2012.mp4</link>
<thumbnail></thumbnail>
</item>
<item>
<title>Upstream Color - Sắc Màu Tình Yêu (2013)</title>
<link>http://server1.dangcaphd.com/p6jdqdE5QKfXAYgVphim/Upstream.Color.2013.mp4</link>
<thumbnail></thumbnail>
</item>
<item>
<title>Naked Weapon - Vũ Khí Khiêu Gợi - 2002</title>
<link>http://server3.dangcaphd.com/p4R4cDQnzcUagcNa/phimle1510/Naked.Weapon.2002.mp4</link>
<thumbnail></thumbnail>
</item>
<item>
<title>The Eagle Has Landed - Đại Bàng Hạ Cánh - 1976</title>
<link>http://server3.dangcaphd.com/p4R4cDQnzcUagcNa/phimle1510/The.Eagle.Has.Landed.1976.mp4</link>
<thumbnail></thumbnail>
</item>
<item>
<title>CHUYEN TINH CUA JANE</title>
<link>http://server2.dangcaphd.com/3ZKc7Af3BGZrgWSrNggs/Becoming.Jane.2007.mp4?start=0</link>
<thumbnail></thumbnail>
</item>
<item>
<title>THE MOI LA YEU</title>
<link>http://server1.dangcaphd.com/p6jdqdE5QKfXAYgVphim/A.Lot.Like.Love.2005.mp4?start=0</link>
<thumbnail></thumbnail>
</item>
<item>
<title>TINH CUOI CHAN TROI</title>
<link>http://server3.dangcaphd.com/p4R4cDQnzcUagcNa/phimbo/Tinh.Cuoi.Chan.Troi.E01/Tinh.Cuoi.Chan.Troi.E01.mp4?start=0</link>
<thumbnail></thumbnail>
</item>
<item>
<title>NU HON TINH DAU</title>
<link>http://server2.dangcaphd.com/3ZKc7Af3BGZrgWSrNggs/Love.at.First.Hiccup.2009.mp4?start=0</link>
<thumbnail></thumbnail>
</item>
<item>
<title>YEU NHAM BAN THAN</title>
<link>http://server1.dangcaphd.com/p6jdqdE5QKfXAYgVphim/Friends.with.Benefits.2011.mp4?start=0</link>
<thumbnail></thumbnail>
</item>
<item>
<title>MUA TINH YEU</title>
<link>http://server2.dangcaphd.com/3ZKc7Af3BGZrgWSrNggs/A.Good.Year.2006.mp4?start=0</link>
<thumbnail></thumbnail>
</item>
<item>
<title>BAN GAI CUA TOI*</title>
<link>http://server1.dangcaphd.com/p6jdqdE5QKfXAYgVphim/Hello.My.Dolly.Girlfriend.2013.mp4?start=0</link>
<thumbnail></thumbnail>
</item>
<item>
<title>CONG FU VO DICH</title>
<link>http://server3.dangcaphd.com/p4R4cDQnzcUagcNa/Kungfu.Fighter.2013.ViE.mp4?start=0</link>
<thumbnail></thumbnail>
</item>
<item>
<title>DAU SI DUONG PHO</title>
<link>#EXTINF:-1,http://server2.dangcaphd.com/3ZKc7Af3BGZrgWSrNggs/Street.Fighter.1994.BluRay.720p.x264.DTS-WiKi-muxed.mp4?start=0</link>
<thumbnail></thumbnail>
</item>
<item>
<title>MAT MA Dyatlov -Devil's Pass</title>
<link>http://server1.dangcaphd.com/p6jdqdE5QKfXAYgVphim/Devils.Pass.2013.mp4?start=0</link>
<thumbnail></thumbnail>
</item>
<item>
<title>DI TIM CONG LY</title>
<link>http://server1.dangcaphd.com/p6jdqdE5QKfXAYgVphim/Out.Of.The.Funrace.2013.mp4?start=0</link>
<thumbnail></thumbnail>
</item>
<item>
<title>GOI NHAM NGUOI YEU</title>
<link>http://server1.dangcaphd.com/p6jdqdE5QKfXAYgVphim/My.Ps.partner.2012.mp4?start=0</link>
<thumbnail></thumbnail>
</item>
<item>
<title>warriors.of.the.rainbow.seediq.bale(HAO KHI CHIEN BINH)</title>
<link>http://server1.dangcaphd.com/p6jdqdE5QKfXAYgVphim/warriors.of.the.rainbow.seediq.bale.2011.mp4?start=0</link>
<thumbnail></thumbnail>
</item>
<item>
<title>SWAT.Firefight (DOI DAC NHIEM)</title>
<link>http://server1.dangcaphd.com/p6jdqdE5QKfXAYgVphim/SWAT.Firefight.201.mp4?start=0</link>
<thumbnail></thumbnail>
</item>
<item>
<title>The.Spectacular.Now (TUYET CANH)</title>
<link>http://server1.dangcaphd.com/p6jdqdE5QKfXAYgVphim/The.Spectacular.Now.2013.mp4?start=0</link>
<thumbnail></thumbnail>
</item>
<item>
<title>Moscow Does Not Believe In Tears - Matxcova Không Tin Vào Những Giọt Nước Mắt - 1980</title>
<link>http://server3.dangcaphd.com/p4R4cDQnzcUagcNa/phimle1510/Moscow.Does.Not.Believe.in.Tears.1980.mp4</link>
<thumbnail></thumbnail>
</item>
<item>
<title>Measuring the World - Nhà Thám Hiểm - 2012</title>
<link>http://server1.dangcaphd.com/p6jdqdE5QKfXAYgVphim/measuring.the.world.2012.mp4</link>
<thumbnail></thumbnail>
</item>
<item>
<title>Step Up 4: Revolution - Vũ Điệu Đường Phố 4: Cuộc Cách Mạng (2012)</title>
<link>http://server1.dangcaphd.com/p6jdqdE5QKfXAYgVphim/Step.Up.4.Revolution.2012.mp4</link>
<thumbnail></thumbnail>
</item>
<item>
<title>Lan Kwai Fong 2 (Lan Quế Phường 2) (2012) 18+</title>
<link>http://server1.dangcaphd.com/p6jdqdE5QKfXAYgVphim/Lan.Kwai.Fong.2.2012.mp4</link>
<thumbnail></thumbnail>
</item>
<item>
<title>Safe Haven - Điểm Đến An Toàn (2013)</title>
<link>http://server1.dangcaphd.com/p6jdqdE5QKfXAYgVphim/safe.haven.2013.mp4</link>
<thumbnail></thumbnail>
</item>
<item>
<title>From Here To Eternity - Từ Đây Tới Thiên Thu - 1953</title>
<link>http://server3.dangcaphd.com/p4R4cDQnzcUagcNa/phimle1510/From.Here.to.Eternity.1953.mp4</link>
<thumbnail></thumbnail>
</item>
<item>
<title>The Last Supper 2013 - Huyết Yến 2013</title>
<link>http://server1.dangcaphd.com/p6jdqdE5QKfXAYgVphim/The.Last.Supper.2013.ViE.mp4</link>
<thumbnail></thumbnail>
</item>
<item>
<title>Homefront - Bước Đường Cùng (2013)</title>
<link>http://server1.dangcaphd.com/p6jdqdE5QKfXAYgVphim/Homefront.2013.mp4</link>
<thumbnail></thumbnail>
</item>
<item>
<title>A GOOD MAN - 2014</title>
<link>http://server3.dangcaphd.com/p4R4cDQnzcUagcNa/A.Good.Man.2014.mp4</link>
<thumbnail></thumbnail>
</item>
<item>
<title>Parker - Tên Cướp Lương Thiện (2013)</title>
<link>http://server1.dangcaphd.com/p6jdqdE5QKfXAYgVphim/Parker.2013.mp4</link>
<thumbnail></thumbnail>
</item>
<item>
<title>Rồng Thiếu Lâm USLT - Dragon From Shaolin USLT - 1996</title>
<link>http://server3.dangcaphd.com/p4R4cDQnzcUagcNa/Dragon.From.Shaolin.1996.DVDRIP.mp4</link>
<thumbnail></thumbnail>
</item>
<item>
<title>Caught in Trap - Dính Bẫy - 2014</title>
<link>http://server3.dangcaphd.com/p4R4cDQnzcUagcNa/demophimle/Caught in Trap 2014.mp4</link>
<thumbnail></thumbnail>
</item>
<item>
<title>Montage - Truy Đuổi (2013)</title>
<link>http://server1.dangcaphd.com/p6jdqdE5QKfXAYgVphim/Montage.2013.mp4</link>
<thumbnail></thumbnail>
</item>
<item>
<title>Comme Un Chef - Đầu Bếp Trứ Danh (2012)</title>
<link>http://server1.dangcaphd.com/p6jdqdE5QKfXAYgVphim/Comme.Un.Chef.2012.mp4</link>
<thumbnail></thumbnail>
</item>
<item>
<title>A Good Year - Mùa Tình Yêu - 2006</title>
<link>http://server2.dangcaphd.com/3ZKc7Af3BGZrgWSrNggs/A.Good.Year.2006.mp4</link>
<thumbnail></thumbnail>
</item>
<item>
<title>Maximum Conviction - Giải Vây (2012)</title>
<link>http://server1.dangcaphd.com/p6jdqdE5QKfXAYgVphim/Maximum.Conviction.2012.mp4</link>
<thumbnail></thumbnail>
</item>
<item>
<title>The Lady - Nữ Lãnh Tụ - 2011</title>
<link>http://server1.dangcaphd.com/p6jdqdE5QKfXAYgVphim/The.Lady.2011.ViE.mp4</link>
<thumbnail></thumbnail>
</item>
<item>
<title>Non-Stop - Không Tặc - 2014</title>
<link>http://server2.dangcaphd.com/3ZKc7Af3BGZrgWSrNggs/Non-Stop.2014.mp4</link>
<thumbnail></thumbnail>
</item>
<item>
<title>Mùi Đu Đủ Xanh - The Scent of Green Papaya - 1993</title>
<link>http://server3.dangcaphd.com/p4R4cDQnzcUagcNa/phimle0410/the.scent.of.green.papaya.1993.Viet.mp4</link>
<thumbnail></thumbnail>
</item>
<item>
<title>Rebellion - Hòn Đảo Bất Khuất - 2011</title>
<link>http://server1.dangcaphd.com/p6jdqdE5QKfXAYgVphim/Rebellion2011.mp4</link>
<thumbnail></thumbnail>
</item>
<item>
<title>Perfect Mothers - Sắc Dục - 2013</title>
<link>http://server1.dangcaphd.com/p6jdqdE5QKfXAYgVphim/Perfect.Mothers.2013.mp4</link>
<thumbnail></thumbnail>
</item>
<item>
<title>Người Tù Khổ Sai - Papillon - 1973</title>
<link>http://server3.dangcaphd.com/p4R4cDQnzcUagcNa/Papillon.1973.mp4</link>
<thumbnail></thumbnail>
</item>
<item>
<title>Hải Chiến Midway - Midway - 1976</title>
<link>http://server3.dangcaphd.com/p4R4cDQnzcUagcNa/Midway.1976.mp4</link>
<thumbnail></thumbnail>
</item>
<item>
<title>The Goonies - Bản Đồ Kho Báu - 1985</title>
<link>http://server3.dangcaphd.com/p4R4cDQnzcUagcNa/phimle1510/The.Goonies.1985.mp4?start=0</link>
<thumbnail></thumbnail>
</item>
<item>
<title>Robin Hood Men in Tights - Chàng Robin Hood - 1993</title>
<link>http://server3.dangcaphd.com/p4R4cDQnzcUagcNa/phimle1510/Robin.Hood.Men.in.Tights.1993.mp4?start=0</link>
<thumbnail></thumbnail>
</item>
<item>
<title>Vụ Hẹn Thề - The Sacrament - 2013</title>
<link>http://server3.dangcaphd.com/p4R4cDQnzcUagcNa/The.Sacrament.2013.mp4?start=0</link>
<thumbnail></thumbnail>
</item>
<item>
<title>Now You See Me -Phi Vụ Thế Kỷ (2013)</title>
<link>http://server1.dangcaphd.com/p6jdqdE5QKfXAYgVphim/Now.You.See.Me.2013.mp4?start=0</link>
<thumbnail></thumbnail>
</item>
<item>
<title>King Naresuan 5 - Vương Triều Đẫm Máu - 2014</title>
<link>http://server3.dangcaphd.com/p4R4cDQnzcUagcNa/phimle0610/King.Naresuan.5.2014.ViE.mp4?start=0</link>
<thumbnail></thumbnail>
</item>
<item>
<title>Tiếng Gọi - The Calling - 2014</title>
<link>http://server3.dangcaphd.com/p4R4cDQnzcUagcNa/The.Calling.2014.mp4?start=0</link>
<thumbnail></thumbnail>
</item>
<item>
<title>a Gun and a Noodle Shop - Tam Thương Phách Án Kinh Kỳ - 2009</title>
<link>http://server2.dangcaphd.com/3ZKc7Af3BGZrgWSrNggs/A.Woman.A.Gun.And.A.Noodle.Shop.2009.mp4?start=0</link>
<thumbnail></thumbnail>
</item>
<item>
<title>Wanderlust - Du Ngoạn (2012) 18+</title>
<link>http://server1.dangcaphd.com/p6jdqdE5QKfXAYgVphim/Wanderlust.2012.mp4?start=0</link>
<thumbnail></thumbnail>
</item>
<item>
<title>Journey to the West: Conquering the Demons - Tây Du Ký: Mối Tình Ngoại Truyện - 2013</title>
<link>http://server1.dangcaphd.com/p6jdqdE5QKfXAYgVphim/Journey.to.the.West.Conquering.the.Demons.2013.mp4?start=0</link>
<thumbnail></thumbnail>
</item>
<item>
<title>Johnny English Reborn - Điệp Viên 00 Thấy Tái Xuất - 2011</title>
<link>http://server1.dangcaphd.com/p6jdqdE5QKfXAYgVphim/Johnny.English.Reborn.2011.mp4?start=0</link>
<thumbnail></thumbnail>
</item>
<item>
<title>Quân Thù Trước Cổng - Enemy At The Gates - 2001</title>
<link>http://server3.dangcaphd.com/p4R4cDQnzcUagcNa/Enemy.at.the.Gates.2001.mp4?start=0</link>
<thumbnail></thumbnail>
</item>
<item>
<title>Frozen Silence - Binh Đoàn Thép - 2011</title>
<link>http://server1.dangcaphd.com/p6jdqdE5QKfXAYgVphim/Frozen%20Silence.2011.mp4?start=0</link>
<thumbnail></thumbnail>
</item>
<item>
<title>The Suspicious - Kẻ Tình Nghi - 2014</title>
<link>http://server3.dangcaphd.com/p4R4cDQnzcUagcNa/phimle0610/The.Suspicious.2014.HD.Viet.mp4?start=0</link>
<thumbnail></thumbnail>
</item>
<item>
<title>Hi Fidelity - Mỹ Nhân Phóng Đãng - 2012</title>
<link>http://server1.dangcaphd.com/p6jdqdE5QKfXAYgVphim/HiFidelity2011.mp4?start=0</link>
<thumbnail></thumbnail>
</item>
<item>
<title>About Time - Tình Yêu Vượt Thời Gian (2013)</title>
<link>http://server1.dangcaphd.com/p6jdqdE5QKfXAYgVphim/About.Time.2013.mp4?start=0</link>
<thumbnail></thumbnail>
</item>
<item>
<title>Điều Kỳ Diệu - To The Wonder</title>
<link>http://server1.dangcaphd.com/p6jdqdE5QKfXAYgVphim/To.The.Wonder.2012.mp4?start=0</link>
<thumbnail></thumbnail>
</item>
<item>
<title>Combustion - Hãy Đốt Cháy Em - 2013 - 18+</title>
<link>http://server1.dangcaphd.com/p6jdqdE5QKfXAYgVphim/Combustion.2013.mp4?start=0</link>
<thumbnail></thumbnail>
</item>
<item>
<title>Moscow Does Not Believe In Tears - Matxcova Không Tin Vào Những Giọt Nước Mắt - 1980</title>
<link>http://server3.dangcaphd.com/p4R4cDQnzcUagcNa/phimle1510/Moscow.Does.Not.Believe.in.Tears.1980.mp4?start=0</link>
<thumbnail></thumbnail>
</item>
<item>
<title>Once Upon a Time: Season 3 - Ngày Xửa Ngày Xưa: Phần 3 - 2013</title>
<link>http://server2.dangcaphd.com/3ZKc7Af3BGZrgWSrNggs/Phim%20Bo/Once.Upon.a.Time.S03E01/Once.Upon.a.Time.S03E01.mp4?start=0</link>
<thumbnail></thumbnail>
</item>
<item>
<title>Great Expectations - Những Kỳ Vọng Lớn Lao - 2012</title>
<link>http://server1.dangcaphd.com/p6jdqdE5QKfXAYgVphim/Great.Expectations.2012.mp4?start=0</link>
<thumbnail></thumbnail>
</item>
<item>
<title>Bernie</title>
<link>http://server1.dangcaphd.com/p6jdqdE5QKfXAYgVphim/bernie.2011.mp4</link>
<thumbnail></thumbnail>
</item>
<item>
<title>KẺ LỪA ĐẢO</title>
<link>http://server1.dangcaphd.com/p6jdqdE5QKfXAYgVphim/The.Imposter.2012.mp4</link>
<thumbnail></thumbnail>
</item>
<item>
<title>Cross Of Iron</title>
<link>http://server3.dangcaphd.com/p4R4cDQnzcUagcNa/phimle169/Cross.Of.Iron.1977.mp4</link>
<thumbnail></thumbnail>
</item>
<item>
<title>PHÁO ĐÀI</title>
<link>http://server3.dangcaphd.com/p4R4cDQnzcUagcNa/Fortress.2012.mp4</link>
<thumbnail></thumbnail>
</item>
<item>
<title>ĐÔ ĐỐC</title>
<link>http://server2.dangcaphd.com/3ZKc7Af3BGZrgWSrNggs/Admiral.2008.mp4</link>
<thumbnail></thumbnail>
</item>
<item>
<title>NGÀY 8 THÁNG 8</title>
<link>http://server2.dangcaphd.com/3ZKc7Af3BGZrgWSrNggs/August.8th.2012.mp4</link>
<thumbnail></thumbnail>
</item>
<item>
<title>The Army Of Crime</title>
<link>http://server2.dangcaphd.com/3ZKc7Af3BGZrgWSrNggs/The.Army.Of.Crime.2009.mp4</link>
<thumbnail></thumbnail>
</item>
<item>
<title>The Warring State</title>
<link>http://server2.dangcaphd.com/3ZKc7Af3BGZrgWSrNggs/The.Warring.State.2011.mp4</link>
<thumbnail></thumbnail>
</item>
<item>
<title>Seal Team Eight Behind Enemy Lines</title>
<link>http://server2.dangcaphd.com/3ZKc7Af3BGZrgWSrNggs/Seal.Team.Eight.Behind.Enemy.Lines.2014.mp4</link>
<thumbnail></thumbnail>
</item>
<item>
<title>In Darkness</title>
<link>http://server1.dangcaphd.com/p6jdqdE5QKfXAYgVphim/In.Darkness.2011.mp4</link>
<thumbnail></thumbnail>
</item>
<item>
<title>A Simple Life</title>
<link>http://server1.dangcaphd.com/p6jdqdE5QKfXAYgVphim/A.Simple.Life.2012.mp4</link>
<thumbnail></thumbnail>
</item>
<item>
<title>How I Live Now</title>
<link>http://server1.dangcaphd.com/p6jdqdE5QKfXAYgVphim/How.I.Live.Now.2013.mp4</link>
<thumbnail></thumbnail>
</item>
<item>
<title>For Greater Glory</title>
<link>http://server1.dangcaphd.com/p6jdqdE5QKfXAYgVphim/For.Greater.Glory.2012.mp4</link>
<thumbnail></thumbnail>
</item>
<item>
<title>The End of the Beginning</title>
<link>http://server3.dangcaphd.com/p4R4cDQnzcUagcNa/phimle2112/009-1:The.End.of.the.Beginning.2014.Viet.mp4</link>
<thumbnail></thumbnail>
</item>
<item>
<title>Men Women Children</title>
<link>http://server3.dangcaphd.com/p4R4cDQnzcUagcNa/phimle2112/Men.Women.Children.2014.Viet.mp4</link>
<thumbnail></thumbnail>
</item>
<item>
<title>Redirected</title>
<link>http://server3.dangcaphd.com/p4R4cDQnzcUagcNa/phimle2112/Redirected.2014.Viet.mp4</link>
<thumbnail></thumbnail>
</item>
<item>
<title>The Guest</title>
<link>http://server3.dangcaphd.com/p4R4cDQnzcUagcNa/phimle2112/The.Guest.2014.mp4</link>
<thumbnail></thumbnail>
</item>
<item>
<title>Cleanskin - Vỏ Bọc Hoàn Hảo (2012)</title>
<link>http://server1.dangcaphd.com/p6jdqdE5QKfXAYgVphim/Cleanskin.2012.mp4?start=0</link>
<thumbnail></thumbnail>
</item>
<item>
<title>Silent House - Ngôi Nhà Im Lặng - 2011</title>
<link>http://server1.dangcaphd.com/p6jdqdE5QKfXAYgVphim/Silent.House.2011.mp4?start=0</link>
<thumbnail></thumbnail>
</item>
<item>
<title>Special Chabbis - Phi Vụ 26 - 2013</title>
<link>http://server1.dangcaphd.com/p6jdqdE5QKfXAYgVphim/Special.26.2013.mp4?start=0</link>
<thumbnail></thumbnail>
</item>
<item>
<title>Người Nhện Siêu Đẳng 2 -The Amazing Spider-Man 2 - 2014</title>
<link>http://server2.dangcaphd.com/3ZKc7Af3BGZrgWSrNggs/The%20Amazing%20Spider-Man%202%20(2014).mp4?start=0</link>
<thumbnail></thumbnail>
</item>
<item>
<title>Tận Thế - The Rover - 2014</title>
<link>http://server3.dangcaphd.com/p4R4cDQnzcUagcNa/The.Rover.2014.mp4?start=0</link>
<thumbnail></thumbnail>
</item>
<item>
<title>24 Giờ Truy Sát - 24: Redemption (2008)</title>
<link>http://server1.dangcaphd.com/p6jdqdE5QKfXAYgVphim/24.Redemption.2008.mp4?start=0</link>
<thumbnail></thumbnail>
</item>
<item>
<title>Company of Heroes - Đội Quân Anh Hùng - 2013</title>
<link>http://server1.dangcaphd.com/p6jdqdE5QKfXAYgVphim/company.of.heroes.2013.mp4?start=0</link>
<thumbnail></thumbnail>
</item>
<item>
<title>Maximum Conviction - Giải Vây (2012)</title>
<link>http://server1.dangcaphd.com/p6jdqdE5QKfXAYgVphim/Maximum.Conviction.2012.mp4?start=0</link>
<thumbnail></thumbnail>
</item>
<item>
<title>One for the Money - Tiền Là Tất Cả - 2012</title>
<link>http://server2.dangcaphd.com/3ZKc7Af3BGZrgWSrNggs/One.for.the.Money.2012.mp4?start=0</link>
<thumbnail></thumbnail>
</item>
<item>
<title>MicroSex Office - Tình Dục Công Sở - 2011 18+</title>
<link>http://server1.dangcaphd.com/p6jdqdE5QKfXAYgVphim/Micro.Sex.Office.2011.mp4?start=0</link>
<thumbnail></thumbnail>
</item>
<item>
<title>Quá Khứ - The Past - 2013</title>
<link>http://server1.dangcaphd.com/p6jdqdE5QKfXAYgVphim/The%20Past%202013.mp4?start=0</link>
<thumbnail></thumbnail>
</item>
<item>
<title>Cột Mốc 23 - 2011</title>
<link>http://server2.dangcaphd.com/3ZKc7Af3BGZrgWSrNggs/Cot.Moc.23.Full.NoMoreAres.mp4?start=0</link>
<thumbnail></thumbnail>
</item>
<item>
<title>Marrying Mr Perfect - Lấy Chồng Hoàn Hảo - 2012</title>
<link>http://server1.dangcaphd.com/p6jdqdE5QKfXAYgVphim/Marrying.Mr.Perfect.2012.mp4?start=0</link>
<thumbnail></thumbnail>
</item>
<item>
<title>Mural - Họa Bích - 2011</title>
<link>http://server2.dangcaphd.com/3ZKc7Af3BGZrgWSrNggs/Mural.%5B2011%5D.mp4?start=0</link>
<thumbnail></thumbnail>
</item>
<item>
<title>Tiểu Thời Đại - Tiny Times (2013) Vietsub</title>
<link>http://server2.dangcaphd.com/3ZKc7Af3BGZrgWSrNggs/Tiny.Times.1.0.mp4?start=0</link>
<thumbnail></thumbnail>
</item>
<item>
<title>Pieta - Sự Cứu Rỗi - 2012</title>
<link>http://server1.dangcaphd.com/p6jdqdE5QKfXAYgVphim/Pieta.2012.mp4?start=0</link>
<thumbnail></thumbnail>
</item>
<item>
<title>Em Đẹp Nhất Đêm Nay - Queen Of The Night (2013)</title>
<link>http://server1.dangcaphd.com/p6jdqdE5QKfXAYgVphim/Queen.Of.The.Night.2013.mp4?start=0</link>
<thumbnail></thumbnail>
</item>
<item>
<title>Koo Kum - Định Mệnh - 2013</title>
<link>http://server3.dangcaphd.com/p4R4cDQnzcUagcNa/%5BT-zone%5D.Koo.Kum.2013.HD.KITESVN.COM-muxed.mp4?start=0</link>
<thumbnail></thumbnail>
</item>
<item>
<title>Khi Thời Gian Ngừng Trôi - Cashback - 2006</title>
<link>http://server3.dangcaphd.com/p4R4cDQnzcUagcNa/phimle169/Cashback.2006.mp4?start=0</link>
<thumbnail></thumbnail>
</item>
<item>
<title>Metro - Thảm Họa Tàu Điện Ngầm - 2013</title>
<link>http://server1.dangcaphd.com/p6jdqdE5QKfXAYgVphim/Metro.2013.mp4?start=0</link>
<thumbnail></thumbnail>
</item>
<item>
<title>7 vị la hán - Seven Arhat - 2011</title>
<link>http://server3.dangcaphd.com/p4R4cDQnzcUagcNa/Seven.Arhat.2011.mp4?start=0</link>
<thumbnail></thumbnail>
</item>
<item>
<title>Thất Kiếm - Seven Swords - 2005</title>
<link>http://server3.dangcaphd.com/p4R4cDQnzcUagcNa/Seven.Swords.2005.mp4?start=0</link>
<thumbnail></thumbnail>
</item>
<item>
<title>My Own Swordsman - Võ Lâm Ngoại Truyện - 2011</title>
<link>http://server2.dangcaphd.com/3ZKc7Af3BGZrgWSrNggs/My.Own.Swordsman.2011.mp4?start=0</link>
<thumbnail></thumbnail>
</item>
<item>
<title>Love and Other Drugs - Tình Yêu & Tình Dược - 2010</title>
<link>http://server3.dangcaphd.com/p4R4cDQnzcUagcNa/Love.and.Other.Drugs.2010.mp4?start=0</link>
<thumbnail></thumbnail>
</item>
<item>
<title>The Chrysalis - Con Nhộng (2013)</title>
<link>http://server1.dangcaphd.com/p6jdqdE5QKfXAYgVphim/The.Chrysalis.2013.mp4?start=0</link>
<thumbnail></thumbnail>
</item>
<item>
<title>Miss Bala - Hoa Hậu Bala - 2011</title>
<link>http://server1.dangcaphd.com/p6jdqdE5QKfXAYgVphim/miss.bala.2011.mp4?start=0</link>
<thumbnail></thumbnail>
</item>
<item>
<title>Trả Thù Tên Sát Gái - John Tucker Must Die - 2006</title>
<link>http://server3.dangcaphd.com/p4R4cDQnzcUagcNa/John.Tucker.Must.Die.Unrated.Cut.2006.mp4?start=0</link>
<thumbnail></thumbnail>
</item>
<item>
<title>3:10 Chuyến Tàu Tới Yuma - To Yuma (2007)</title>
<link>http://server1.dangcaphd.com/p6jdqdE5QKfXAYgVphim/3.10.to.Yuma.2007.mp4?start=0</link>
<thumbnail></thumbnail>
</item>
<item>
<title>Arahan - Kiếm Rồng - 2004</title>
<link>http://server3.dangcaphd.com/p4R4cDQnzcUagcNa/Arahan.2004.mp4?start=0</link>
<thumbnail></thumbnail>
</item>
<item>
<title>Truy Ành - Tracing Shadow - 2009</title>
<link>http://server3.dangcaphd.com/p4R4cDQnzcUagcNa/tracing.shadow.2009.mp4?start=0</link>
<thumbnail></thumbnail>
</item>
<item>
<title>Defiance Season 2 - Lực Lượng Kháng Chiến (2014) 1/2 tập</title>
<link>http://server3.dangcaphd.com/p4R4cDQnzcUagcNa/phimbo/Defiance.S02/Defiance.S02E01.mp4?start=0</link>
<thumbnail></thumbnail>
</item>
<item>
<title>Defiance Season 2 - Lực Lượng Kháng Chiến (2014) 2/2 tập</title>
<link>http://server3.dangcaphd.com/p4R4cDQnzcUagcNa/phimbo/Defiance.S02/Defiance.S02E02.mp4?start=0</link>
<thumbnail></thumbnail>
</item>
<item>
<title>Gunday - Ngày Chết - 2014</title>
<link>http://server2.dangcaphd.com/3ZKc7Af3BGZrgWSrNggs/Gunday.2014.mp4?start=0</link>
<thumbnail></thumbnail>
</item>
<item>
<title>3 Days To Kill - Ba Ngày Đổi Mạng - 2014</title>
<link>http://server2.dangcaphd.com/3ZKc7Af3BGZrgWSrNggs/3.Days.to.Kill.2014.mp4?start=0</link>
<thumbnail></thumbnail>
</item>
<item>
<title>Lần Đầu Tiên - First Time - 2012</title>
<link>http://server3.dangcaphd.com/p4R4cDQnzcUagcNa/First.Time.2012.mp4?start=0</link>
<thumbnail></thumbnail>
</item>
<item>
<title>Avatar - Thế Thân - 2009</title>
<link>http://server2.dangcaphd.com/3ZKc7Af3BGZrgWSrNggs/Avatar.2009.Extended.ViE.mp4?start=0</link>
<thumbnail></thumbnail>
</item>
<item>
<title>Myn Bala Warriors of the Steppe - Cuộc Chiến Trên Thảo Nguyên 2012</title>
<link>http://server1.dangcaphd.com/p6jdqdE5QKfXAYgVphim/myn.bala.warriors.of.the.steppe.2012.mp4?start=0</link>
<thumbnail></thumbnail>
</item>
<item>
<title>Safe - Mật Mã Sống - 2012</title>
<link>http://server2.dangcaphd.com/3ZKc7Af3BGZrgWSrNggs/Safe.2012.mp4?start=0</link>
<thumbnail></thumbnail>
</item>
<item>
<title>Lie With Me - Hãy giấu cùng em (2005)</title>
<link>http://server1.dangcaphd.com/p6jdqdE5QKfXAYgVphim/Lie.With.Me.2005.mp4?start=0</link>
<thumbnail></thumbnail>
</item>
<item>
<title>Fetih 1453 - Chinh Phục Thế Kỷ (2013)</title>
<link>http://server1.dangcaphd.com/p6jdqdE5QKfXAYgVphim/Fetih.1453.2012.mp4?start=0</link>
<thumbnail></thumbnail>
</item>
<item>
<title>The Goonies - Bản Đồ Kho Báu - 1985</title>
<link>http://server3.dangcaphd.com/p4R4cDQnzcUagcNa/phimle1510/The.Goonies.1985.mp4?start=0</link>
<thumbnail></thumbnail>
</item>
<item>
<title>Con khỉ sắt - Iron Monkey - 1993</title>
<link>http://server3.dangcaphd.com/p4R4cDQnzcUagcNa/phimle169/Iron.Monkey.1993.mp4?start=0</link>
<thumbnail></thumbnail>
</item>
<item>
<title>13 Thích Khách - 13 Assassins</title>
<link>http://server1.dangcaphd.com/p6jdqdE5QKfXAYgVphim/13.Assassins.2010.mp4?start=0</link>
<thumbnail></thumbnail>
</item>
<item>
<title>My Kingdom - Đại võ sinh huyết chiến - 2011</title>
<link>http://server1.dangcaphd.com/p6jdqdE5QKfXAYgVphim/MyKingdom.2011.mp4?start=0</link>
<thumbnail></thumbnail>
</item>
<item>
<title>Once Upon a Time in Shanghai - Ác Chiến - 2014</title>
<link>http://server2.dangcaphd.com/3ZKc7Af3BGZrgWSrNggs/Once.Upon.a.Time.in.Shanghai.2014.mp4?start=0</link>
<thumbnail></thumbnail>
</item>
<item>
<title>Tên Lửa - Heatstroke - 2014</title>
<link>http://server3.dangcaphd.com/p4R4cDQnzcUagcNa/Heatstroke.2013.mp4?start=0</link>
<thumbnail></thumbnail>
</item>
<item>
<title>22 Viên Đạn - 22 Bullets (2010)</title>
<link>http://server1.dangcaphd.com/p6jdqdE5QKfXAYgVphim/22.Bullets.2010.mp4?start=0</link>
<thumbnail></thumbnail>
</item>
<item>
<title>Maximum Conviction - Giải Vây (2012)</title>
<link>http://server1.dangcaphd.com/p6jdqdE5QKfXAYgVphim/Maximum.Conviction.2012.mp4?start=0</link>
<thumbnail></thumbnail>
</item>
<item>
<title>Hsue-shen Tsien - Cha Đẻ Tàu Thần Châu - 2012</title>
<link>http://server1.dangcaphd.com/p6jdqdE5QKfXAYgVphim/Hsue-shen.Tsien.2012.mp4?start=0</link>
<thumbnail></thumbnail>
</item>
<item>
<title>An Empress and the Warriors - Giang Sơn Mỹ Nhân - 2008</title>
<link>http://server2.dangcaphd.com/3ZKc7Af3BGZrgWSrNggs/An.Empress.And.The.Warriors.2008.mp4?start=0</link>
<thumbnail></thumbnail>
</item>
<item>
<title>A Certain Justice - Vết Thương Khó Lành - 2014</title>
<link>http://server3.dangcaphd.com/p4R4cDQnzcUagcNa/phimle1510/A.Certain.Justice.2014.mp4?start=0</link>
<thumbnail></thumbnail>
</item>
<item>
<title>Machine Gun Preacher - Họng Súng Công Lý - 2011</title>
<link>http://server1.dangcaphd.com/p6jdqdE5QKfXAYgVphim/Machine.Gun.Preacher.2011.mp4?start=0</link>
<thumbnail></thumbnail>
</item>
<item>
<title>Sherlock Holmes 2: A Game of Shadows - Thám Tử Sherlock Holmes 2: Trò Chơi Của Bóng Đêm - 2011</title>
<link>http://server1.dangcaphd.com/p6jdqdE5QKfXAYgVphim/Sherlock.Holmes.A.Game.Of.Shadows.2011.mp4?start=0</link>
<thumbnail></thumbnail>
</item>
<item>
<title>BlackJacks - Đặc Nhiệm Seal - 2014</title>
<link>http://server1.dangcaphd.com/p6jdqdE5QKfXAYgVphim/SEAL.Patrol.2014.mp4?start=0</link>
<thumbnail></thumbnail>
</item>
<item>
<title>Kon-Tiki - Hải Trình Kon-Tiki (2012)</title>
<link>http://server1.dangcaphd.com/p6jdqdE5QKfXAYgVphim/kon-tiki.2012.mp4?start=0</link>
<thumbnail></thumbnail>
</item>
<item>
<title>Deep Dark Canyon - Săn Đuổi Bên Khe Núi (2013)</title>
<link>http://server1.dangcaphd.com/p6jdqdE5QKfXAYgVphim/Deep.Dark.Canyon.2013.mp4?start=0</link>
<thumbnail></thumbnail>
</item>
<item>
<title>Combustion - Hãy Đốt Cháy Em - 2013 - 18+</title>
<link>http://server1.dangcaphd.com/p6jdqdE5QKfXAYgVphim/Combustion.2013.mp4?start=0</link>
<thumbnail></thumbnail>
</item>
<item>
<title>Soar Into the Sun 2012 - Biệt Đội Tiêm Kích - 2012</title>
<link>http://server1.dangcaphd.com/p6jdqdE5QKfXAYgVphim/Soar.Into.the.Sun.2012.mp4?start=0</link>
<thumbnail></thumbnail>
</item>
<item>
<title>The White Dragon- Tiểu Bạch Long -2004</title>
<link>http://server3.dangcaphd.com/p4R4cDQnzcUagcNa/The.White.Dragon.2004.mp4?start=0</link>
<thumbnail></thumbnail>
</item>
<item>
<title>A Good Lawyer's Wife - Cô Vợ Luật Sư - 2003</title>
<link>http://server2.dangcaphd.com/3ZKc7Af3BGZrgWSrNggs/A%20Good%20Lawyer%27s%20Wife.mp4?start=0</link>
<thumbnail></thumbnail>
</item>
<item>
<title>Endless Love - Tình Yêu Bất Tận - 2014</title>
<link>http://server2.dangcaphd.com/3ZKc7Af3BGZrgWSrNggs/Endless.Love.2014.mp4?start=0</link>
<thumbnail></thumbnail>
</item>
<item>
<title>Inescapable - Không Thể Trốn Chạy (2012)</title>
<link>http://server1.dangcaphd.com/p6jdqdE5QKfXAYgVphim/Inescapable.2012.mp4?start=0</link>
<thumbnail></thumbnail>
</item>
<item>
<title>A Good Year - Mùa Tình Yêu - 2006</title>
<link>http://server2.dangcaphd.com/3ZKc7Af3BGZrgWSrNggs/A.Good.Year.2006.mp4?start=0</link>
<thumbnail></thumbnail>
</item>
<item>
<title>Once Upon A Time In Vietnam - Lửa Phật - 2013</title>
<link>http://server1.dangcaphd.com/p6jdqdE5QKfXAYgVphim/LuaPhat2013.mp4?start=0</link>
<thumbnail></thumbnail>
</item>
<item>
<title>The Detective 2 - Trinh Thám B+ - 2011</title>
<link>http://server2.dangcaphd.com/3ZKc7Af3BGZrgWSrNggs/The.Detective.2.2011.mp4?start=0</link>
<thumbnail></thumbnail>
</item>
<item>
<title>Hamilton: In the Interest of the Nation - Điệp Viên Hamilton: Vì Lợi Ích Quốc Gia (2012)</title>
<link>http://server1.dangcaphd.com/p6jdqdE5QKfXAYgVphim/Hamilton.In.the.Interest.of.the.Nation.2012.mp4?start=0</link>
<thumbnail></thumbnail>
</item>
<item>
<title>Claustrofobia - Nỗi Đau Thể Xác - 2011</title>
<link>http://server1.dangcaphd.com/p6jdqdE5QKfXAYgVphim/Claustrofobia.mp4?start=0</link>
<thumbnail></thumbnail>
</item>
<item>
<title>Ngày Tàn - Downfall - Der Untergang - 2004</title>
<link>http://server3.dangcaphd.com/p4R4cDQnzcUagcNa/Der.Untergang.2004.mp4?start=0</link>
<thumbnail></thumbnail>
</item>
<item>
<title>Girls Against Boys - Đại Chiến Giới Tính (2012)</title>
<link>http://server1.dangcaphd.com/p6jdqdE5QKfXAYgVphim/girls.against.boys.2012.mp4?start=0</link>
<thumbnail></thumbnail>
</item>
<item>
<title>A World Without Thieves - Thiên Hạ Vô Tặc - 2004</title>
<link>http://server2.dangcaphd.com/3ZKc7Af3BGZrgWSrNggs/A.World.Without.Thieves.2004.mp4?start=0</link>
<thumbnail></thumbnail>
</item>
<item>
<title>Skyfall - Tử Địa Skyfall (2012)</title>
<link>http://server1.dangcaphd.com/p6jdqdE5QKfXAYgVphim/Skyfall.2012.ViE.mp4?start=0</link>
<thumbnail></thumbnail>
</item>
<item>
<title>Miss Bala - Hoa Hậu Bala - 2011</title>
<link>http://server1.dangcaphd.com/p6jdqdE5QKfXAYgVphim/miss.bala.2011.mp4?start=0</link>
<thumbnail></thumbnail>
</item>
<item>
<title>The Railway Man - Rửa Nhục - 2013</title>
<link>http://server2.dangcaphd.com/3ZKc7Af3BGZrgWSrNggs/The.Railway.Man.2013.mp4?start=0</link>
<thumbnail></thumbnail>
</item>
<item>
<title>Din Tao: Leader Of The Parade - Trống Quyền Tranh Đấu - 2012</title>
<link>http://server1.dangcaphd.com/p6jdqdE5QKfXAYgVphim/Din.Tao.Leader.of.the.Parade.2012.ViE.mp4?start=0</link>
<thumbnail></thumbnail>
</item>
<item>
<title>13 Thích Khách - 13 Assassins</title>
<link>http://server1.dangcaphd.com/p6jdqdE5QKfXAYgVphim/13.Assassins.2010.mp4?start=0</link>
<thumbnail></thumbnail>
</item>
<item>
<title>The Warring States - Chiến Quốc - 2011</title>
<link>http://server2.dangcaphd.com/3ZKc7Af3BGZrgWSrNggs/The.Warring.State.2011.mp4?start=0</link>
<thumbnail></thumbnail>
</item>
<item>
<title>Guns And Roses - Hoàng Kim Đại Kiếp Án - 2012</title>
<link>http://server1.dangcaphd.com/p6jdqdE5QKfXAYgVphim/Guns.and.Roses.2012.ViE.mp4?start=0</link>
<thumbnail></thumbnail>
</item>
<item>
<title>The Sword With No Name - Thanh Kiếm Vô Danh - 2009</title>
<link>http://server3.dangcaphd.com/p4R4cDQnzcUagcNa/The.Sword.With.No.Name.2009.mp4?start=0</link>
<thumbnail></thumbnail>
</item>
<item>
<title>Monte Carlo - Tiểu Thư Lọ Lem - 2011</title>
<link>http://server1.dangcaphd.com/p6jdqdE5QKfXAYgVphim/Monte.Carlo.2011.mp4?start=0</link>
<thumbnail></thumbnail>
</item>
<item>
<title>Knight and Day (Chuyện Tình Sát Thủ) (2010)</title>
<link>http://server3.dangcaphd.com/p4R4cDQnzcUagcNa/Knight.And.Day.2010.mp4?start=0</link>
<thumbnail></thumbnail>
</item>
<item>
<title>NGƯỜI ĐƯA THƯ LUÔN ĐẾN HAI LẦN - THE POSTMAN ALWAYS RINGS TWICE - 1981</title>
<link>http://server3.dangcaphd.com/p4R4cDQnzcUagcNa/phimle0610/The.Postman.Always.Rings.Twice.1981.mp4?start=0</link>
<thumbnail></thumbnail>
</item>
<item>
<title>AASHIQUI 2 - VỊ NGỌT TÌNH YÊU 2 - 2013</title>
<link>http://server1.dangcaphd.com/p6jdqdE5QKfXAYgVphim/Aashiqui%202%202013.mp4?start=0</link>
<thumbnail></thumbnail>
</item>
<item>
<title>KHU VƯỜN LẠC QUAN - GARDEN STATE - 2004</title>
<link>http://server3.dangcaphd.com/p4R4cDQnzcUagcNa/Garden.State.2004.mp4?start=0</link>
<thumbnail></thumbnail>
</item>
<item>
<title>Fists of Legend - Nắm Đấm Của Huyền Thoại (2013)</title>
<link>http://server1.dangcaphd.com/p6jdqdE5QKfXAYgVphim/Fists.of.Legend.2013.mp4?start=0</link>
<thumbnail></thumbnail>
</item>
<item>
<title>Tunnel Rats - Biệt Đội Chuột Cống - 1968</title>
<link>http://server3.dangcaphd.com/p4R4cDQnzcUagcNa/phimle1510/Tunnel.Rats.2008.mp4?start=0</link>
<thumbnail></thumbnail>
</item>

</stream>



