<?xml version="1.0" encoding="UTF-8" standalone="yes"?>
<addon id="plugin.video.livetv" name="*[COLOR yellow]Live-TV[/COLOR]" version="1.1.0" provider-name="Vinh Computer Repair">
<requires> 
	<import addon="xbmc.python" version="2.1.0"/>   
</requires>
<extension point="xbmc.python.pluginsource" library="default.py">  
	<provides>video</provides>    
</extension>
  <extension point="xbmc.addon.metadata">
    <summary>Kodi Addon</summary>
    <description>Watch a top selection of Vietnamese TV channels</description>
<disclaimer>This add-on is streamming video from the Internet.  This is not responsible for the accuracy, compliance, copyright, legality, decency, or any other aspect of the content of the sites. If you have any legal issues please contact appropriate media file owners / hosters</disclaimer>
    <platform>all</platform>
  </extension>
</addon>
