<favourites>
	<favourite name="VietFace TV California 57.2" thumb="http://echipstore.net/logo/VFTVCALI.png">PlayMedia(&quot;plugin://plugin.video.kodi4vn.launcher/play/3a063e74275223e64604cbac81e00f0b?sf_options=winID%3D10025%26_options_sf&quot;)</favourite>
	<favourite name="VietSun TV" thumb="http://www.viettv24.com/main/images/Vietsun_LogoTV.jpg">PlayMedia(&quot;plugin://plugin.video.kodi4vn.launcher/play/b0d2614620a7761d59dc08eeb47b4858?sf_options=winID%3D10025%26_options_sf&quot;)</favourite>
	<favourite name="VietMedia TV" thumb="http://www.viettv24.com/main/images/VietMediaTV_logo.jpg">PlayMedia(&quot;plugin://plugin.video.kodi4vn.launcher/play/0bde4cca24c808de393b7f9559e73758?sf_options=winID%3D10025%26_options_sf&quot;)</favourite>
	<favourite name="Hài 24/7" thumb="http://echipstore.net/logo/Hai247.jpg">PlayMedia(&quot;plugin://plugin.video.kodi4vn.launcher/play/7689f1f3a3a053dc45fa2f20475189f9?sf_options=winID%3D10025%26_options_sf&quot;)</favourite>
	<favourite name="Sân Khấu và Cuộc Đời" thumb="http://echipstore.net/logo/sankhauvacuocdoi.jpg">PlayMedia(&quot;plugin://plugin.video.kodi4vn.launcher/play/e8522e0ba561e8dd8eaa900470ef775e?sf_options=winID%3D10025%26_options_sf&quot;)</favourite>
	<favourite name="Vpop TV" thumb="http://echipstore.net/logo/channels/VPOPTV.png">PlayMedia(&quot;plugin://plugin.video.kodi4vn.launcher/play/e7d86ece7c678cbc83aa24d75156a708?sf_options=winID%3D10025%26_options_sf&quot;)</favourite>
	<favourite name="Vmusic TV" thumb="http://echipstore.net/logo/channels/VMusic.png">PlayMedia(&quot;plugin://plugin.video.kodi4vn.launcher/play/40744064222b74f1f69914e51e2dd73c?sf_options=winID%3D10025%26_options_sf&quot;)</favourite>
	<favourite name="KVLA 56.5" thumb="http://echipstore.net/logo/channels/KVLA-56.5.png">PlayMedia(&quot;plugin://plugin.video.kodi4vn.launcher/play/f47a74fd95d0d01de7e1f9a6efb77c5f?sf_options=winID%3D10025%26_options_sf&quot;)</favourite>
	<favourite name="Saigon TV 57.5" thumb="http://echipstore.net/logo/channels/SaiGonTV.png">PlayMedia(&quot;plugin://plugin.video.kodi4vn.launcher/play/aba0438465506ac2875e0ded44b3d631?sf_options=winID%3D10025%26_options_sf&quot;)</favourite>
	<favourite name="VAN TV 55.2 (Houston)" thumb="http://LangSongViet.com/fta4vnForum/upload/uploaded/26_1385611287.png">PlayMedia(&quot;plugin://plugin.video.kodi4vn.launcher/play/2783c3b285a808e8cb32e46d40404afb?sf_options=winID%3D10025%26_options_sf&quot;)</favourite>
	<favourite name="VNA TV 57.3" thumb="http://echipstore.net/logo/channels/VNAtv.png">PlayMedia(&quot;plugin://plugin.video.kodi4vn.launcher/play/3f6fe9aca0a905c3cbff6016dd77c7fc?sf_options=winID%3D10025%26_options_sf&quot;)</favourite>
	<favourite name="VietV California 54.3" thumb="http://echipstore.net/logo/channels/VietV.png">PlayMedia(&quot;plugin://plugin.video.kodi4vn.launcher/play/80740520bb71cac1e41add7b81f69275?sf_options=winID%3D10025%26_options_sf&quot;)</favourite>
	<favourite name="Viet Global Mail" thumb="http://www.viettv24.com/main/images/GM_LOGO_CIRCLE.jpg">PlayMedia(&quot;plugin://plugin.video.kodi4vn.launcher/play/http%3A%2F%2Forigin1-edge2.yourstreamlive.com%3A1935%2Flive%2Fyourstreamlive%2Fout_956_2kr6rvfu%2Fplaylist.m3u8?sf_options=winID%3D10025%26_options_sf&quot;)</favourite>
	<favourite name="VBS TV 57.6" thumb="http://echipstore.net/logo/channels/VBS.png">PlayMedia(&quot;plugin://plugin.video.kodi4vn.launcher/play/da95ca2a82bc98f4c20236d06615664b?sf_options=winID%3D10025%26_options_sf&quot;)</favourite>
	<favourite name="Đồng Giao TV" thumb="http://echipstore.net/logo/channels/Dong_Dao.png">PlayMedia(&quot;plugin://plugin.video.kodi4vn.launcher/play/2f07d899f4540eb6113bc8b2f90e2652?sf_options=winID%3D10025%26_options_sf&quot;)</favourite>
	<favourite name="SET TV" thumb="http://echipstore.net/logo/channels/set.jpg">PlayMedia(&quot;plugin://plugin.video.kodi4vn.launcher/play/b8f8a728d841527484ae1e7e4655e5b5?sf_options=winID%3D10025%26_options_sf&quot;)</favourite>
	<favourite name="IBC TV" thumb="http://echipstore.net/logo/channels/ibc.jpg">PlayMedia(&quot;plugin://plugin.video.kodi4vn.launcher/play/e70d5247e0e4af5226b9c0f7078ed530?sf_options=winID%3D10025%26_options_sf&quot;)</favourite>
	<favourite name="Little Saigon TV 57.7" thumb="http://echipstore.net/logo/channels/LittleSaigon.png">PlayMedia(&quot;plugin://plugin.video.kodi4vn.launcher/play/e1e3380fca2ae1cf5be3302492713bbe?sf_options=winID%3D10025%26_options_sf&quot;)</favourite>
	<favourite name="Phật Từ Bi TV" thumb="http://echipstore.net/logo/channels/PhatTuBi.png">PlayMedia(&quot;plugin://plugin.video.kodi4vn.launcher/play/607ac9d730b73bf4d6e93ea5844cde96?sf_options=winID%3D10025%26_options_sf&quot;)</favourite>
	<favourite name="Viet Christian" thumb="http://echipstore.net/logo/channels/VietChristian.png">PlayMedia(&quot;plugin://plugin.video.kodi4vn.launcher/play/mms%3A%2F%2Flive.vietchristian.com%2Ftv?sf_options=winID%3D10025%26_options_sf&quot;)</favourite>
	<favourite name="VietMTV" thumb="http://tv-online.in/wp-content/uploads/2013/05/Kenh-Viet-MTV.jpg">PlayMedia(&quot;plugin://plugin.video.kodi4vn.launcher/play/http%3A%2F%2F64.62.143.5%3A1935%2Flive%2Fdonotstealmy-Stream1%2Fplaylist.m3u8?sf_options=winID%3D10025%26_options_sf&quot;)</favourite>
	<favourite name="Việt Phố" thumb="https://cdn4.iconfinder.com/data/icons/vectory-bonus-3/40/channel_rss-512.png">PlayMedia(&quot;plugin://plugin.video.kodi4vn.launcher/play/http%3A%2F%2F100.32.77.128%3A1935%2Flive%2Fvod%2Fplaylist.m3u8?sf_options=winID%3D10025%26_options_sf&quot;)</favourite>
</favourites>