<?xml version="1.0" encoding="UTF-8" standalone="yes"?>
	<addon id="plugin.video.mutttsnutz" name="123Movies" version="1000.000.004.3" provider-name="Mucky Duck">
		<requires>
			<import addon="xbmc.python" version="2.1.0"/>
			<import addon="script.module.addon.common" />
			<import addon="script.module.requests" />
			<import addon="repository.mdrepo" />
		</requires>
		<extension point="xbmc.python.pluginsource" library="default.py" />
		<extension point="xbmc.python.module" library="lib" />
		<extension point="xbmc.addon.metadata">
			<summary lang="en">The Mutts Nuts (Modified)</summary>
			<description lang="en"/>
			<platform/>
		</extension>
	</addon>
