<?xml version="1.0" encoding="UTF-8" standalone="yes"?>
<addon id="repository.xvbmc"
        name=" [COLOR lime][B]X[/B][/COLOR]vBMC (Add-ons) REPOsitory"
        version="5.7"
        provider-name="none">
  <requires>
    <import addon="xbmc.addon" version="12.0.0"/>
  </requires>
    <extension point="xbmc.addon.repository">
        <dir>
            <info compressed="false"></info>
            <checksum></checksum>
            <datadir zip="true"></datadir>
            <hashes>false</hashes>
        </dir>
        <dir>
            <info compressed="false"></info>
            <checksum></checksum>
            <datadir zip="true"></datadir>
            <hashes>false</hashes>
        </dir>
        <dir>
            <info compressed="false"></info>
            <checksum></checksum>
            <datadir zip="true"></datadir>
            <hashes>false</hashes>
        </dir>
    </extension>
</addon>