<?xml version="1.0" encoding="UTF-8" standalone="yes"?>
<addon id="plugin.video.sureshot" name="Sure Shot" version="1.1.1" provider-name="Doc Shadrach">
	<requires>
		<import addon="xbmc.python" version="2.1.0"/>
	</requires>
	<extension point="xbmc.python.pluginsource" library="default.py">
		<provides>video</provides>
	</extension>
	<extension point="xbmc.addon.metadata">
		<summary></summary>
		<description>Latest releases with the greatest ratings in IMDb.</description>
		<platform>all</platform>
	</extension>
</addon>