
<item>
<id>tt3416532</id>
<title>A Monster Calls</title>
<thumbnail>https://images-na.ssl-images-amazon.com/images/M/MV5BMTg1OTA5OTkyNV5BMl5BanBnXkFtZTgwODMwNDU5OTE@._V1_SX300.jpg</thumbnail>
<fanart>https://image.tmdb.org/t/p/original/xVW8REyVqKwxAtUYY07UGlZH43L.jpg</fanart>
<category>Drama, Fantasy</category>
<link>['A.Monster.Calls.2016.1080p.6CH.ShAaNiG-[My-Film].mkv', 'A.Monster.Calls.2016.720p.ShAaNiG-[My-Film].mkv', 'A.Monster.Calls.2016.1080p.WEB-DL.2CH.x264-[My-Film].mkv', 'A.Monster.Calls.2016.720p.WEB-DL.x264.Ganool-[My-Film].mkv', 'A.Monster.Calls.2016.DVDScr.ShAaNiG-[My-Film].mkv']</link>
</item>

<item>
<id>tt2119532</id>
<title>Hacksaw Ridge</title>
<thumbnail>https://images-na.ssl-images-amazon.com/images/M/MV5BMjQ1NjM3MTUxNV5BMl5BanBnXkFtZTgwMDc5MTY5OTE@._V1_SX300.jpg</thumbnail>
<fanart>https://image.tmdb.org/t/p/original/zBK4QZONMQXhcgaJv1YYTdCW7q9.jpg</fanart>
<category>Drama, History, War</category>
<link>['Hacksaw.Ridge.2016.1080p.BluRay.6CH.x264.ShAaNiG-[My-Film].mkv', 'Hacksaw.Ridge.2016.1080p.BluRay.6CH.x265.HEVC-[My-Film].mkv', 'Hacksaw.Ridge.2016.720p.BluRay.x264.ShAaNiG-[My-Film].mkv', 'Hacksaw.Ridge.2016.720p.BluRay.2CH.x265.HEVC-[My-Film].mkv', 'Hacksaw.Ridge.2016.720p.WEB-DL.x264.Ganool-[My-Film].mkv', 'Hacksaw.Ridge.2016.DVDScr.MkvCage-[My-Film].mkv', 'Hacksaw.Ridge.2016.HDCAM.Ganool-[My-Film].mkv']</link>
</item>

<item>
<id>tt4034228</id>
<title>Manchester by the Sea</title>
<thumbnail>https://images-na.ssl-images-amazon.com/images/M/MV5BMTYxMjk0NDg4Ml5BMl5BanBnXkFtZTgwODcyNjA5OTE@._V1_SX300.jpg</thumbnail>
<fanart>https://image.tmdb.org/t/p/original/urSqvE0AyIHkYogUsQaVAmZrN0M.jpg</fanart>
<category>Drama</category>
<link>['Manchester.by.the.Sea.2016.1080p.BluRay.6CH.x265.HEVC-[My-Film].mkv', 'Manchester.by.the.Sea.2016.1080p.BluRay.6CH.x264.ShAaNiG-[My-Film].mkv', 'Manchester.by.the.Sea.2016.720p.BluRay.x264.ShAaNiG-[My-Film].mkv', 'Manchester.by.the.Sea.2016.720p.BluRay.2CH.x265.HEVC-[My-Film].mkv', 'Manchester.by.the.Sea.2016.720p.WEB-DL.ShAaNiG-[My-Film].mkv']</link>
</item>

<item>
<id>tt4550098</id>
<title>Nocturnal Animals</title>
<thumbnail>https://images-na.ssl-images-amazon.com/images/M/MV5BMTYwMzMwMzgxNl5BMl5BanBnXkFtZTgwMTA0MTUzMDI@._V1_SX300.jpg</thumbnail>
<fanart>https://image.tmdb.org/t/p/original/wVD5IdqGNFYGFzO3qcxj6GhRR3H.jpg</fanart>
<category>Drama, Thriller</category>
<link>['Nocturnal.Animals.2016.720p.WEB-DL.x264.Ganool-[My-Film].mkv', 'Nocturnal.Animals.2016.HC.1080p.HDrip-[My-Film].mkv', 'Nocturnal.Animals.2016.720p.HC.HDrip.NBY-[My-Film].mkv']</link>
</item>

<item>
<id>tt1714917</id>
<title>Gimme Danger</title>
<thumbnail>https://images-na.ssl-images-amazon.com/images/M/MV5BMTYyOTc5NzI4Ml5BMl5BanBnXkFtZTgwMjIwNzczMDI@._V1_SX300.jpg</thumbnail>
<fanart>https://image.tmdb.org/t/p/original/sLriwIGhwr8uuSONpMlsTlDEXtm.jpg</fanart>
<category>Documentary, Music</category>
<link>Gimme.Danger.2016.720p-[My-Film].mkv</link>
</item>

<item>
<id>tt2933794</id>
<title>Man vs Snake: The Long and Twisted Tale of Nibbler</title>
<thumbnail>https://images-na.ssl-images-amazon.com/images/M/MV5BZjEzMjE4NTQtZDlmYy00Yzc5LTlkZmYtNjNhZWNkZTFhNTViXkEyXkFqcGdeQXVyMDE1NjIxNg@@._V1_SX300.jpg</thumbnail>
<fanart>https://image.tmdb.org/t/p/original/3ckrmN0WylNjtJCNp07bGx5yOdM.jpg</fanart>
<category>Documentary</category>
<link>NO LINK</link>
</item>

<item>
<id>tt2543164</id>
<title>Arrival</title>
<thumbnail>https://images-na.ssl-images-amazon.com/images/M/MV5BMTExMzU0ODcxNDheQTJeQWpwZ15BbWU4MDE1OTI4MzAy._V1_SX300.jpg</thumbnail>
<fanart>https://image.tmdb.org/t/p/original/yIZ1xendyqKvY3FGeeUYUd5X9Mm.jpg</fanart>
<category>Drama, Mystery, Sci-Fi</category>
<link>['Arrival.2016.1080p.BluRay.mHD.DD5.1.x264-[My-Film].mkv', 'Arrival.2016.1080p.BluRay.6CH.x265.HEVC-[My-Film].mkv', 'Arrival.2016.720p.BluRay.2CH.x265.HEVC-[My-Film].mkv', 'Arrival.2016.720p.BluRay.mHD.DD5.1.x264-[My-Film].mkv', 'Arrival.2016.1080p.5.1CH.Ganool-[My-Film].mkv', 'Arrival.2016.720p.Ganool-[My-Film].mkv', 'Arrival.2016.1080p.WEB-DL.6CH.MkvCage-[My-Film].mkv', 'Arrival.2016.720p.WEB-DL.x264.ShAaNiG-[My-Film].mkv', 'Arrival.2016.DVDScr.Ganool-[My-Film].mkv', 'Arrival.2016.HDCAM.Ganool-[My-Film].mkv']</link>
</item>

<item>
<id>tt4276820</id>
<title>The Founder</title>
<thumbnail>https://images-na.ssl-images-amazon.com/images/M/MV5BMzExNDg0MDk1M15BMl5BanBnXkFtZTgwNzE1Mjg0MDI@._V1_SX300.jpg</thumbnail>
<fanart>https://image.tmdb.org/t/p/original/qPZpmZKO2N73IeHMuyck116ZpiO.jpg</fanart>
<category>Biography, Drama, History</category>
<link>The.Founder.2016.DVDScr.ShAaNiG-[My-Film].mkv</link>
</item>
