<?xml version="1.0" encoding="UTF-8" standalone="yes"?>
<addon id="plugin.video.bob" name="Bob" version="1.3.9" provider-name="Team Bob">
	<requires>
		<import addon="xbmc.python" version="2.19.0" />
		<import addon="plugin.video.youtube" version="5.2.1" />
		<import addon="script.module.pyxbmct" version="1.1.4" />
		<import addon="script.mrknow.urlresolver" version="2016.10.30.2" />
		<import addon="script.module.liveresolver" version="0.1.47" />
		<import addon="script.module.beautifulsoup" version="3.2.1"/>
		<import addon="script.module.requests" version="2.9.1" />
		<import addon="script.module.nanscrapers" version="0.5.5" />
		<import addon="script.module.addon.common" version="2.0.0" />
		<import addon="script.module.xmltodict" version="0.9.0"/>
        <import addon="script.module.m3u8" version="0.2.10"/>
        <import addon="script.module.python.koding.aio" version="0.1"/>
		<import addon="repository.noobsandnerds" />
		<!--<import addon="script.video.F4mProxy" version="2.6.4" />-->
	</requires>
	<extension point="xbmc.python.pluginsource" library="default.py">
		<provides>video audio</provides>
	</extension>
	<extension point="xbmc.addon.metadata">
		<summary lang="en">Bob</summary>
		<description lang="en">Bob - Unrestricted. I Am Not A Dev... I Am Bob</description>
		<platform>all</platform>
		<forum>http://www.noobsandnerds.com/support/forumdisplay.php?fid=253</forum>
		<website>www.noobsandnerds.com</website>
		<news></news>
		<video_guide>y0w8zIH4lOY</video_guide>
		<video_preview>WdKIzajiBBI</video_preview>
	</extension>
</addon>
