<?xml version="1.0" encoding="UTF-8" standalone="yes"?>
<addon
  id="plugin.video.phim.xixam.com"
  version="1.9"
  name="*[COLOR yellow]Xi-Xam[/COLOR]"
  provider-name="Vinh Modded from Thong">
  <requires>
    <import addon="xbmc.python" version="2.1.0"/>
  </requires>
  <extension point="xbmc.python.module" library="default.py" />
  <extension point="xbmc.addon.metadata">
    <summary>phim.xixam.com</summary>
    <description>Watch free phim.xixam.com (Vietnamese) Videos</description>
    <platform>all</platform>
  </extension>
</addon>