<favourites>
  	<favourite name="Comedy Central East" thumb="http://portal.iptvprivateserver.tv/stalker_portal/misc/logos/320/34.png">PlayMedia(&quot;plugin://plugin.video.stalker/?tmp=1&amp;genre_name=%5B%27Entertainments%27%5D&amp;title=Comedy+Central+East&amp;cmd=ffrt2+http%3A%2F%2Flocalhost%2Fch%2F2575&amp;portal=%7B%22name%22%3A+%22NFPS%22%2C+%22parental%22%3A+%22true%22%2C+%22url%22%3A+%22http%3A%2F%2Fportal.iptvprivateserver.tv%22%2C+%22mac%22%3A+%2200%3A1A%3A78%3AA2%3A70%3A48%22%2C+%22serial%22%3A+%7B%22custom%22%3A+false%7D%2C+%22password%22%3A+%22Popper247%22%7D&amp;mode=play&amp;logo_url=http%3A%2F%2Fportal.iptvprivateserver.tv%2Fstalker_portal%2Fmisc%2Flogos%2F320%2F34.png&quot;)</favourite>
    <favourite name="Lifetime East" thumb="http://portal.iptvprivateserver.tv/stalker_portal/misc/logos/320/543.png">PlayMedia(&quot;plugin://plugin.video.stalker/?tmp=1&amp;genre_name=%5B%27Entertainments%27%5D&amp;title=Lifetime+East&amp;cmd=ffrt2+http%3A%2F%2Flocalhost%2Fch%2F2581&amp;portal=%7B%22name%22%3A+%22NFPS%22%2C+%22parental%22%3A+%22true%22%2C+%22url%22%3A+%22http%3A%2F%2Fportal.iptvprivateserver.tv%22%2C+%22mac%22%3A+%2200%3A1A%3A78%3AA2%3A70%3A48%22%2C+%22serial%22%3A+%7B%22custom%22%3A+false%7D%2C+%22password%22%3A+%22Popper247%22%7D&amp;mode=play&amp;logo_url=http%3A%2F%2Fportal.iptvprivateserver.tv%2Fstalker_portal%2Fmisc%2Flogos%2F320%2F543.png&quot;)</favourite>
    <favourite name="E!" thumb="http://portal.iptvprivateserver.tv/stalker_portal/misc/logos/320/1203.png">PlayMedia(&quot;plugin://plugin.video.stalker/?tmp=1&amp;genre_name=%5B%27Entertainments%27%5D&amp;title=E%21&amp;cmd=ffrt2+http%3A%2F%2Flocalhost%2Fch%2F2341&amp;portal=%7B%22name%22%3A+%22NFPS%22%2C+%22parental%22%3A+%22true%22%2C+%22url%22%3A+%22http%3A%2F%2Fportal.iptvprivateserver.tv%22%2C+%22mac%22%3A+%2200%3A1A%3A78%3AA2%3A70%3A48%22%2C+%22serial%22%3A+%7B%22custom%22%3A+false%7D%2C+%22password%22%3A+%22Popper247%22%7D&amp;mode=play&amp;logo_url=http%3A%2F%2Fportal.iptvprivateserver.tv%2Fstalker_portal%2Fmisc%2Flogos%2F320%2F1203.png&quot;)</favourite>
    <favourite name="A&amp;E East" thumb="http://portal.iptvprivateserver.tv/stalker_portal/misc/logos/320/583.png">PlayMedia(&quot;plugin://plugin.video.stalker/?tmp=1&amp;genre_name=%5B%27Entertainments%27%5D&amp;title=A%26E+East&amp;cmd=ffrt2+http%3A%2F%2Flocalhost%2Fch%2F995&amp;portal=%7B%22name%22%3A+%22NFPS%22%2C+%22parental%22%3A+%22true%22%2C+%22url%22%3A+%22http%3A%2F%2Fportal.iptvprivateserver.tv%22%2C+%22mac%22%3A+%2200%3A1A%3A78%3AA2%3A70%3A48%22%2C+%22serial%22%3A+%7B%22custom%22%3A+false%7D%2C+%22password%22%3A+%22Popper247%22%7D&amp;mode=play&amp;logo_url=http%3A%2F%2Fportal.iptvprivateserver.tv%2Fstalker_portal%2Fmisc%2Flogos%2F320%2F583.png&quot;)</favourite>
    <favourite name="TLC" thumb="http://portal.iptvprivateserver.tv/stalker_portal/misc/logos/320/104.png">PlayMedia(&quot;plugin://plugin.video.stalker/?tmp=1&amp;genre_name=%5B%27Entertainments%27%5D&amp;title=TLC&amp;cmd=ffrt2+http%3A%2F%2Flocalhost%2Fch%2F503&amp;portal=%7B%22name%22%3A+%22NFPS%22%2C+%22parental%22%3A+%22true%22%2C+%22url%22%3A+%22http%3A%2F%2Fportal.iptvprivateserver.tv%22%2C+%22mac%22%3A+%2200%3A1A%3A78%3AA2%3A70%3A48%22%2C+%22serial%22%3A+%7B%22custom%22%3A+false%7D%2C+%22password%22%3A+%22Popper247%22%7D&amp;mode=play&amp;logo_url=http%3A%2F%2Fportal.iptvprivateserver.tv%2Fstalker_portal%2Fmisc%2Flogos%2F320%2F104.png&quot;)</favourite>
    <favourite name="ITV Be" thumb="http://portal.iptvprivateserver.tv/stalker_portal/misc/logos/320/1747.png">PlayMedia(&quot;plugin://plugin.video.stalker/?tmp=1&amp;genre_name=%5B%27Entertainments%27%5D&amp;title=ITV+Be&amp;cmd=ffrt2+http%3A%2F%2Flocalhost%2Fch%2F4737&amp;portal=%7B%22name%22%3A+%22NFPS%22%2C+%22parental%22%3A+%22true%22%2C+%22url%22%3A+%22http%3A%2F%2Fportal.iptvprivateserver.tv%22%2C+%22mac%22%3A+%2200%3A1A%3A78%3AA2%3A70%3A48%22%2C+%22serial%22%3A+%7B%22custom%22%3A+false%7D%2C+%22password%22%3A+%22Popper247%22%7D&amp;mode=play&amp;logo_url=http%3A%2F%2Fportal.iptvprivateserver.tv%2Fstalker_portal%2Fmisc%2Flogos%2F320%2F1747.png&quot;)</favourite>
    <favourite name="Really" thumb="http://portal.iptvprivateserver.tv/stalker_portal/misc/logos/320/50.png">PlayMedia(&quot;plugin://plugin.video.stalker/?tmp=1&amp;genre_name=%5B%27Entertainments%27%5D&amp;title=Really&amp;cmd=ffrt2+http%3A%2F%2Flocalhost%2Fch%2F505&amp;portal=%7B%22name%22%3A+%22NFPS%22%2C+%22parental%22%3A+%22true%22%2C+%22url%22%3A+%22http%3A%2F%2Fportal.iptvprivateserver.tv%22%2C+%22mac%22%3A+%2200%3A1A%3A78%3AA2%3A70%3A48%22%2C+%22serial%22%3A+%7B%22custom%22%3A+false%7D%2C+%22password%22%3A+%22Popper247%22%7D&amp;mode=play&amp;logo_url=http%3A%2F%2Fportal.iptvprivateserver.tv%2Fstalker_portal%2Fmisc%2Flogos%2F320%2F50.png&quot;)</favourite>
    <favourite name="Oxygen" thumb="http://portal.iptvprivateserver.tv/stalker_portal/misc/logos/320/33.png">PlayMedia(&quot;plugin://plugin.video.stalker/?tmp=1&amp;genre_name=%5B%27Entertainments%27%5D&amp;title=Oxygen&amp;cmd=ffrt2+http%3A%2F%2Flocalhost%2Fch%2F180&amp;portal=%7B%22name%22%3A+%22NFPS%22%2C+%22parental%22%3A+%22true%22%2C+%22url%22%3A+%22http%3A%2F%2Fportal.iptvprivateserver.tv%22%2C+%22mac%22%3A+%2200%3A1A%3A78%3AA2%3A70%3A48%22%2C+%22serial%22%3A+%7B%22custom%22%3A+false%7D%2C+%22password%22%3A+%22Popper247%22%7D&amp;mode=play&amp;logo_url=http%3A%2F%2Fportal.iptvprivateserver.tv%2Fstalker_portal%2Fmisc%2Flogos%2F320%2F33.png&quot;)</favourite>
    <favourite name="WE TV" thumb="http://portal.iptvprivateserver.tv/stalker_portal/misc/logos/320/30.png">PlayMedia(&quot;plugin://plugin.video.stalker/?tmp=0&amp;genre_name=%5B%27Entertainments%27%5D&amp;title=WE+TV&amp;cmd=ffrt2+http%3A%2F%2Fx.x&amp;portal=%7B%22name%22%3A+%22NFPS%22%2C+%22parental%22%3A+%22true%22%2C+%22url%22%3A+%22http%3A%2F%2Fportal.iptvprivateserver.tv%22%2C+%22mac%22%3A+%2200%3A1A%3A78%3AA2%3A70%3A48%22%2C+%22serial%22%3A+%7B%22custom%22%3A+false%7D%2C+%22password%22%3A+%22Popper247%22%7D&amp;mode=play&amp;logo_url=http%3A%2F%2Fportal.iptvprivateserver.tv%2Fstalker_portal%2Fmisc%2Flogos%2F320%2F30.png&quot;)</favourite>
    <favourite name="Bravo East" thumb="http://portal.iptvprivateserver.tv/stalker_portal/misc/logos/320/1870.png">PlayMedia(&quot;plugin://plugin.video.stalker/?tmp=1&amp;genre_name=%5B%27Entertainments%27%5D&amp;title=Bravo+East&amp;cmd=ffrt2+http%3A%2F%2Flocalhost%2Fch%2F4890&amp;portal=%7B%22name%22%3A+%22NFPS%22%2C+%22parental%22%3A+%22true%22%2C+%22url%22%3A+%22http%3A%2F%2Fportal.iptvprivateserver.tv%22%2C+%22mac%22%3A+%2200%3A1A%3A78%3AA2%3A70%3A48%22%2C+%22serial%22%3A+%7B%22custom%22%3A+false%7D%2C+%22password%22%3A+%22Popper247%22%7D&amp;mode=play&amp;logo_url=http%3A%2F%2Fportal.iptvprivateserver.tv%2Fstalker_portal%2Fmisc%2Flogos%2F320%2F1870.png&quot;)</favourite>
    <favourite name="AMC East" thumb="http://portal.iptvprivateserver.tv/stalker_portal/misc/logos/320/663.png">PlayMedia(&quot;plugin://plugin.video.stalker/?tmp=1&amp;genre_name=%5B%27Entertainments%27%5D&amp;title=AMC+East&amp;cmd=ffrt2+http%3A%2F%2Flocalhost%2Fch%2F5629&amp;portal=%7B%22name%22%3A+%22NFPS%22%2C+%22parental%22%3A+%22true%22%2C+%22url%22%3A+%22http%3A%2F%2Fportal.iptvprivateserver.tv%22%2C+%22mac%22%3A+%2200%3A1A%3A78%3AA2%3A70%3A48%22%2C+%22serial%22%3A+%7B%22custom%22%3A+false%7D%2C+%22password%22%3A+%22Popper247%22%7D&amp;mode=play&amp;logo_url=http%3A%2F%2Fportal.iptvprivateserver.tv%2Fstalker_portal%2Fmisc%2Flogos%2F320%2F663.png&quot;)</favourite>
    <favourite name="IFC East" thumb="http://portal.iptvprivateserver.tv/stalker_portal/misc/logos/320/38.png">PlayMedia(&quot;plugin://plugin.video.stalker/?tmp=1&amp;genre_name=%5B%27Entertainments%27%5D&amp;title=IFC+East&amp;cmd=ffrt2+http%3A%2F%2Flocalhost%2Fch%2F164&amp;portal=%7B%22name%22%3A+%22NFPS%22%2C+%22parental%22%3A+%22true%22%2C+%22url%22%3A+%22http%3A%2F%2Fportal.iptvprivateserver.tv%22%2C+%22mac%22%3A+%2200%3A1A%3A78%3AA2%3A70%3A48%22%2C+%22serial%22%3A+%7B%22custom%22%3A+false%7D%2C+%22password%22%3A+%22Popper247%22%7D&amp;mode=play&amp;logo_url=http%3A%2F%2Fportal.iptvprivateserver.tv%2Fstalker_portal%2Fmisc%2Flogos%2F320%2F38.png&quot;)</favourite>
    <favourite name="FX East" thumb="http://portal.iptvprivateserver.tv/stalker_portal/misc/logos/320/585.png">PlayMedia(&quot;plugin://plugin.video.stalker/?tmp=1&amp;genre_name=%5B%27Entertainments%27%5D&amp;title=FX+East&amp;cmd=ffrt2+http%3A%2F%2Flocalhost%2Fch%2F997&amp;portal=%7B%22name%22%3A+%22NFPS%22%2C+%22parental%22%3A+%22true%22%2C+%22url%22%3A+%22http%3A%2F%2Fportal.iptvprivateserver.tv%22%2C+%22mac%22%3A+%2200%3A1A%3A78%3AA2%3A70%3A48%22%2C+%22serial%22%3A+%7B%22custom%22%3A+false%7D%2C+%22password%22%3A+%22Popper247%22%7D&amp;mode=play&amp;logo_url=http%3A%2F%2Fportal.iptvprivateserver.tv%2Fstalker_portal%2Fmisc%2Flogos%2F320%2F585.png&quot;)</favourite>
    <favourite name="ITV Encore" thumb="http://portal.iptvprivateserver.tv/stalker_portal/misc/logos/320/48.png">PlayMedia(&quot;plugin://plugin.video.stalker/?tmp=1&amp;genre_name=%5B%27Entertainments%27%5D&amp;title=ITV+Encore&amp;cmd=ffrt2+http%3A%2F%2Flocalhost%2Fch%2F501&amp;portal=%7B%22name%22%3A+%22NFPS%22%2C+%22parental%22%3A+%22true%22%2C+%22url%22%3A+%22http%3A%2F%2Fportal.iptvprivateserver.tv%22%2C+%22mac%22%3A+%2200%3A1A%3A78%3AA2%3A70%3A48%22%2C+%22serial%22%3A+%7B%22custom%22%3A+false%7D%2C+%22password%22%3A+%22Popper247%22%7D&amp;mode=play&amp;logo_url=http%3A%2F%2Fportal.iptvprivateserver.tv%2Fstalker_portal%2Fmisc%2Flogos%2F320%2F48.png&quot;)</favourite>
    <favourite name="TNT" thumb="http://portal.iptvprivateserver.tv/stalker_portal/misc/logos/320/565.png">PlayMedia(&quot;plugin://plugin.video.stalker/?tmp=1&amp;genre_name=%5B%27Entertainments%27%5D&amp;title=TNT&amp;cmd=ffrt2+http%3A%2F%2Flocalhost%2Fch%2F977&amp;portal=%7B%22name%22%3A+%22NFPS%22%2C+%22parental%22%3A+%22true%22%2C+%22url%22%3A+%22http%3A%2F%2Fportal.iptvprivateserver.tv%22%2C+%22mac%22%3A+%2200%3A1A%3A78%3AA2%3A70%3A48%22%2C+%22serial%22%3A+%7B%22custom%22%3A+false%7D%2C+%22password%22%3A+%22Popper247%22%7D&amp;mode=play&amp;logo_url=http%3A%2F%2Fportal.iptvprivateserver.tv%2Fstalker_portal%2Fmisc%2Flogos%2F320%2F565.png&quot;)</favourite>
    <favourite name="TBS East" thumb="http://portal.iptvprivateserver.tv/stalker_portal/misc/logos/320/553.png">PlayMedia(&quot;plugin://plugin.video.stalker/?tmp=1&amp;genre_name=%5B%27Entertainments%27%5D&amp;title=TBS+East&amp;cmd=ffrt2+http%3A%2F%2Flocalhost%2Fch%2F967&amp;portal=%7B%22name%22%3A+%22NFPS%22%2C+%22parental%22%3A+%22true%22%2C+%22url%22%3A+%22http%3A%2F%2Fportal.iptvprivateserver.tv%22%2C+%22mac%22%3A+%2200%3A1A%3A78%3AA2%3A70%3A48%22%2C+%22serial%22%3A+%7B%22custom%22%3A+false%7D%2C+%22password%22%3A+%22Popper247%22%7D&amp;mode=play&amp;logo_url=http%3A%2F%2Fportal.iptvprivateserver.tv%2Fstalker_portal%2Fmisc%2Flogos%2F320%2F553.png&quot;)</favourite>
    <favourite name="ABC Family" thumb="http://portal.iptvprivateserver.tv/stalker_portal/misc/logos/320/1835.png">PlayMedia(&quot;plugin://plugin.video.stalker/?tmp=1&amp;genre_name=%5B%27Entertainments%27%5D&amp;title=ABC+Family&amp;cmd=ffrt2+http%3A%2F%2Flocalhost%2Fch%2F4855&amp;portal=%7B%22name%22%3A+%22NFPS%22%2C+%22parental%22%3A+%22true%22%2C+%22url%22%3A+%22http%3A%2F%2Fportal.iptvprivateserver.tv%22%2C+%22mac%22%3A+%2200%3A1A%3A78%3AA2%3A70%3A48%22%2C+%22serial%22%3A+%7B%22custom%22%3A+false%7D%2C+%22password%22%3A+%22Popper247%22%7D&amp;mode=play&amp;logo_url=http%3A%2F%2Fportal.iptvprivateserver.tv%2Fstalker_portal%2Fmisc%2Flogos%2F320%2F1835.png&quot;)</favourite>
    <favourite name="Discovery Family" thumb="http://portal.iptvprivateserver.tv/stalker_portal/misc/logos/320/1847.png">PlayMedia(&quot;plugin://plugin.video.stalker/?tmp=1&amp;genre_name=%5B%27Entertainments%27%5D&amp;title=Discovery+Family&amp;cmd=ffrt2+http%3A%2F%2Flocalhost%2Fch%2F4867&amp;portal=%7B%22name%22%3A+%22NFPS%22%2C+%22parental%22%3A+%22true%22%2C+%22url%22%3A+%22http%3A%2F%2Fportal.iptvprivateserver.tv%22%2C+%22mac%22%3A+%2200%3A1A%3A78%3AA2%3A70%3A48%22%2C+%22serial%22%3A+%7B%22custom%22%3A+false%7D%2C+%22password%22%3A+%22Popper247%22%7D&amp;mode=play&amp;logo_url=http%3A%2F%2Fportal.iptvprivateserver.tv%2Fstalker_portal%2Fmisc%2Flogos%2F320%2F1847.png&quot;)</favourite>
    <favourite name="Eden" thumb="http://portal.iptvprivateserver.tv/stalker_portal/misc/logos/320/58.png">PlayMedia(&quot;plugin://plugin.video.stalker/?tmp=1&amp;genre_name=%5B%27Entertainments%27%5D&amp;title=Eden&amp;cmd=ffrt2+http%3A%2F%2Flocalhost%2Fch%2F513&amp;portal=%7B%22name%22%3A+%22NFPS%22%2C+%22parental%22%3A+%22true%22%2C+%22url%22%3A+%22http%3A%2F%2Fportal.iptvprivateserver.tv%22%2C+%22mac%22%3A+%2200%3A1A%3A78%3AA2%3A70%3A48%22%2C+%22serial%22%3A+%7B%22custom%22%3A+false%7D%2C+%22password%22%3A+%22Popper247%22%7D&amp;mode=play&amp;logo_url=http%3A%2F%2Fportal.iptvprivateserver.tv%2Fstalker_portal%2Fmisc%2Flogos%2F320%2F58.png&quot;)</favourite>
    <favourite name="CNBC Africa" thumb="http://portal.iptvprivateserver.tv/stalker_portal/misc/logos/320/1795.png">PlayMedia(&quot;plugin://plugin.video.stalker/?tmp=0&amp;genre_name=%5B%27Entertainments%27%5D&amp;title=CNBC+Africa&amp;cmd=http%3A%2F%2Fbrightcove03-f.akamaihd.net%2FCNBC_ANGLE1_3%40176778%3Fv%3D3.2.0%26fp%3DWIN&amp;portal=%7B%22name%22%3A+%22NFPS%22%2C+%22parental%22%3A+%22true%22%2C+%22url%22%3A+%22http%3A%2F%2Fportal.iptvprivateserver.tv%22%2C+%22mac%22%3A+%2200%3A1A%3A78%3AA2%3A70%3A48%22%2C+%22serial%22%3A+%7B%22custom%22%3A+false%7D%2C+%22password%22%3A+%22Popper247%22%7D&amp;mode=play&amp;logo_url=http%3A%2F%2Fportal.iptvprivateserver.tv%2Fstalker_portal%2Fmisc%2Flogos%2F320%2F1795.png&quot;)</favourite>
    <favourite name="CBS Reality" thumb="http://portal.iptvprivateserver.tv/stalker_portal/misc/logos/320/1261.png">PlayMedia(&quot;plugin://plugin.video.stalker/?tmp=1&amp;genre_name=%5B%27Entertainments%27%5D&amp;title=CBS+Reality&amp;cmd=ffrt2+http%3A%2F%2Flocalhost%2Fch%2F2435&amp;portal=%7B%22name%22%3A+%22NFPS%22%2C+%22parental%22%3A+%22true%22%2C+%22url%22%3A+%22http%3A%2F%2Fportal.iptvprivateserver.tv%22%2C+%22mac%22%3A+%2200%3A1A%3A78%3AA2%3A70%3A48%22%2C+%22serial%22%3A+%7B%22custom%22%3A+false%7D%2C+%22password%22%3A+%22Popper247%22%7D&amp;mode=play&amp;logo_url=http%3A%2F%2Fportal.iptvprivateserver.tv%2Fstalker_portal%2Fmisc%2Flogos%2F320%2F1261.png&quot;)</favourite>
    <favourite name="CBS Drama" thumb="http://portal.iptvprivateserver.tv/stalker_portal/misc/logos/320/1257.png">PlayMedia(&quot;plugin://plugin.video.stalker/?tmp=1&amp;genre_name=%5B%27Entertainments%27%5D&amp;title=CBS+Drama&amp;cmd=ffrt2+http%3A%2F%2Flocalhost%2Fch%2F2431&amp;portal=%7B%22name%22%3A+%22NFPS%22%2C+%22parental%22%3A+%22true%22%2C+%22url%22%3A+%22http%3A%2F%2Fportal.iptvprivateserver.tv%22%2C+%22mac%22%3A+%2200%3A1A%3A78%3AA2%3A70%3A48%22%2C+%22serial%22%3A+%7B%22custom%22%3A+false%7D%2C+%22password%22%3A+%22Popper247%22%7D&amp;mode=play&amp;logo_url=http%3A%2F%2Fportal.iptvprivateserver.tv%2Fstalker_portal%2Fmisc%2Flogos%2F320%2F1257.png&quot;)</favourite>
    <favourite name="CBS Action" thumb="http://portal.iptvprivateserver.tv/stalker_portal/misc/logos/320/1259.png">PlayMedia(&quot;plugin://plugin.video.stalker/?tmp=1&amp;genre_name=%5B%27Entertainments%27%5D&amp;title=CBS+Action&amp;cmd=ffrt2+http%3A%2F%2Flocalhost%2Fch%2F2433&amp;portal=%7B%22name%22%3A+%22NFPS%22%2C+%22parental%22%3A+%22true%22%2C+%22url%22%3A+%22http%3A%2F%2Fportal.iptvprivateserver.tv%22%2C+%22mac%22%3A+%2200%3A1A%3A78%3AA2%3A70%3A48%22%2C+%22serial%22%3A+%7B%22custom%22%3A+false%7D%2C+%22password%22%3A+%22Popper247%22%7D&amp;mode=play&amp;logo_url=http%3A%2F%2Fportal.iptvprivateserver.tv%2Fstalker_portal%2Fmisc%2Flogos%2F320%2F1259.png&quot;)</favourite>
    <favourite name="WGN America" thumb="http://portal.iptvprivateserver.tv/stalker_portal/misc/logos/320/989.png">PlayMedia(&quot;plugin://plugin.video.stalker/?tmp=1&amp;genre_name=%5B%27Entertainments%27%5D&amp;title=WGN+America&amp;cmd=ffrt2+http%3A%2F%2Flocalhost%2Fch%2F1771&amp;portal=%7B%22name%22%3A+%22NFPS%22%2C+%22parental%22%3A+%22true%22%2C+%22url%22%3A+%22http%3A%2F%2Fportal.iptvprivateserver.tv%22%2C+%22mac%22%3A+%2200%3A1A%3A78%3AA2%3A70%3A48%22%2C+%22serial%22%3A+%7B%22custom%22%3A+false%7D%2C+%22password%22%3A+%22Popper247%22%7D&amp;mode=play&amp;logo_url=http%3A%2F%2Fportal.iptvprivateserver.tv%2Fstalker_portal%2Fmisc%2Flogos%2F320%2F989.png&quot;)</favourite>
    <favourite name="FXX East" thumb="http://portal.iptvprivateserver.tv/stalker_portal/misc/logos/320/1201.png">PlayMedia(&quot;plugin://plugin.video.stalker/?tmp=1&amp;genre_name=%5B%27Entertainments%27%5D&amp;title=FXX+East&amp;cmd=ffrt2+http%3A%2F%2Flocalhost%2Fch%2F2339&amp;portal=%7B%22name%22%3A+%22NFPS%22%2C+%22parental%22%3A+%22true%22%2C+%22url%22%3A+%22http%3A%2F%2Fportal.iptvprivateserver.tv%22%2C+%22mac%22%3A+%2200%3A1A%3A78%3AA2%3A70%3A48%22%2C+%22serial%22%3A+%7B%22custom%22%3A+false%7D%2C+%22password%22%3A+%22Popper247%22%7D&amp;mode=play&amp;logo_url=http%3A%2F%2Fportal.iptvprivateserver.tv%2Fstalker_portal%2Fmisc%2Flogos%2F320%2F1201.png&quot;)</favourite>
    <favourite name="Spike TV" thumb="http://portal.iptvprivateserver.tv/stalker_portal/misc/logos/320/1620.png">PlayMedia(&quot;plugin://plugin.video.stalker/?tmp=1&amp;genre_name=%5B%27Entertainments%27%5D&amp;title=Spike+TV&amp;cmd=ffrt2+http%3A%2F%2Flocalhost%2Fch%2F4410&amp;portal=%7B%22name%22%3A+%22NFPS%22%2C+%22parental%22%3A+%22true%22%2C+%22url%22%3A+%22http%3A%2F%2Fportal.iptvprivateserver.tv%22%2C+%22mac%22%3A+%2200%3A1A%3A78%3AA2%3A70%3A48%22%2C+%22serial%22%3A+%7B%22custom%22%3A+false%7D%2C+%22password%22%3A+%22Popper247%22%7D&amp;mode=play&amp;logo_url=http%3A%2F%2Fportal.iptvprivateserver.tv%2Fstalker_portal%2Fmisc%2Flogos%2F320%2F1620.png&quot;)</favourite>
    <favourite name="Tru TV East" thumb="http://portal.iptvprivateserver.tv/stalker_portal/misc/logos/320/987.png">PlayMedia(&quot;plugin://plugin.video.stalker/?tmp=1&amp;genre_name=%5B%27Entertainments%27%5D&amp;title=Tru+TV+East&amp;cmd=ffrt2+http%3A%2F%2Flocalhost%2Fch%2F1769&amp;portal=%7B%22name%22%3A+%22NFPS%22%2C+%22parental%22%3A+%22true%22%2C+%22url%22%3A+%22http%3A%2F%2Fportal.iptvprivateserver.tv%22%2C+%22mac%22%3A+%2200%3A1A%3A78%3AA2%3A70%3A48%22%2C+%22serial%22%3A+%7B%22custom%22%3A+false%7D%2C+%22password%22%3A+%22Popper247%22%7D&amp;mode=play&amp;logo_url=http%3A%2F%2Fportal.iptvprivateserver.tv%2Fstalker_portal%2Fmisc%2Flogos%2F320%2F987.png&quot;)</favourite>
    <favourite name="Ovation" thumb="http://portal.iptvprivateserver.tv/stalker_portal/misc/logos/320/1209.png">PlayMedia(&quot;plugin://plugin.video.stalker/?tmp=1&amp;genre_name=%5B%27Entertainments%27%5D&amp;title=Ovation&amp;cmd=ffrt2+http%3A%2F%2Flocalhost%2Fch%2F2349&amp;portal=%7B%22name%22%3A+%22NFPS%22%2C+%22parental%22%3A+%22true%22%2C+%22url%22%3A+%22http%3A%2F%2Fportal.iptvprivateserver.tv%22%2C+%22mac%22%3A+%2200%3A1A%3A78%3AA2%3A70%3A48%22%2C+%22serial%22%3A+%7B%22custom%22%3A+false%7D%2C+%22password%22%3A+%22Popper247%22%7D&amp;mode=play&amp;logo_url=http%3A%2F%2Fportal.iptvprivateserver.tv%2Fstalker_portal%2Fmisc%2Flogos%2F320%2F1209.png&quot;)</favourite>
    <favourite name="ION Television East" thumb="http://portal.iptvprivateserver.tv/stalker_portal/misc/logos/320/1882.png">PlayMedia(&quot;plugin://plugin.video.stalker/?tmp=1&amp;genre_name=%5B%27Entertainments%27%5D&amp;title=ION+Television+East&amp;cmd=ffrt2+http%3A%2F%2Flocalhost%2Fch%2F4902&amp;portal=%7B%22name%22%3A+%22NFPS%22%2C+%22parental%22%3A+%22true%22%2C+%22url%22%3A+%22http%3A%2F%2Fportal.iptvprivateserver.tv%22%2C+%22mac%22%3A+%2200%3A1A%3A78%3AA2%3A70%3A48%22%2C+%22serial%22%3A+%7B%22custom%22%3A+false%7D%2C+%22password%22%3A+%22Popper247%22%7D&amp;mode=play&amp;logo_url=http%3A%2F%2Fportal.iptvprivateserver.tv%2Fstalker_portal%2Fmisc%2Flogos%2F320%2F1882.png&quot;)</favourite>
    <favourite name="Palladia" thumb="http://portal.iptvprivateserver.tv/stalker_portal/misc/logos/320/579.png">PlayMedia(&quot;plugin://plugin.video.stalker/?tmp=1&amp;genre_name=%5B%27Entertainments%27%5D&amp;title=Palladia&amp;cmd=ffrt2+http%3A%2F%2Flocalhost%2Fch%2F991&amp;portal=%7B%22name%22%3A+%22NFPS%22%2C+%22parental%22%3A+%22true%22%2C+%22url%22%3A+%22http%3A%2F%2Fportal.iptvprivateserver.tv%22%2C+%22mac%22%3A+%2200%3A1A%3A78%3AA2%3A70%3A48%22%2C+%22serial%22%3A+%7B%22custom%22%3A+false%7D%2C+%22password%22%3A+%22Popper247%22%7D&amp;mode=play&amp;logo_url=http%3A%2F%2Fportal.iptvprivateserver.tv%2Fstalker_portal%2Fmisc%2Flogos%2F320%2F579.png&quot;)</favourite>
    <favourite name="Univision" thumb="http://portal.iptvprivateserver.tv/stalker_portal/misc/logos/320/98.png">PlayMedia(&quot;plugin://plugin.video.stalker/?tmp=1&amp;genre_name=%5B%27Entertainments%27%5D&amp;title=Univision&amp;cmd=ffrt2+http%3A%2F%2Flocalhost%2Fch%2F6299&amp;portal=%7B%22name%22%3A+%22NFPS%22%2C+%22parental%22%3A+%22true%22%2C+%22url%22%3A+%22http%3A%2F%2Fportal.iptvprivateserver.tv%22%2C+%22mac%22%3A+%2200%3A1A%3A78%3AA2%3A70%3A48%22%2C+%22serial%22%3A+%7B%22custom%22%3A+false%7D%2C+%22password%22%3A+%22Popper247%22%7D&amp;mode=play&amp;logo_url=http%3A%2F%2Fportal.iptvprivateserver.tv%2Fstalker_portal%2Fmisc%2Flogos%2F320%2F98.png&quot;)</favourite>
    <favourite name="UniMas" thumb="http://portal.iptvprivateserver.tv/stalker_portal/misc/logos/320/88.png">PlayMedia(&quot;plugin://plugin.video.stalker/?tmp=1&amp;genre_name=%5B%27Entertainments%27%5D&amp;title=UniMas&amp;cmd=ffrt2+http%3A%2F%2Flocalhost%2Fch%2F3602&amp;portal=%7B%22name%22%3A+%22NFPS%22%2C+%22parental%22%3A+%22true%22%2C+%22url%22%3A+%22http%3A%2F%2Fportal.iptvprivateserver.tv%22%2C+%22mac%22%3A+%2200%3A1A%3A78%3AA2%3A70%3A48%22%2C+%22serial%22%3A+%7B%22custom%22%3A+false%7D%2C+%22password%22%3A+%22Popper247%22%7D&amp;mode=play&amp;logo_url=http%3A%2F%2Fportal.iptvprivateserver.tv%2Fstalker_portal%2Fmisc%2Flogos%2F320%2F88.png&quot;)</favourite>
    <favourite name="NBC Universo" thumb="http://portal.iptvprivateserver.tv/stalker_portal/misc/logos/320/1805.png">PlayMedia(&quot;plugin://plugin.video.stalker/?tmp=1&amp;genre_name=%5B%27Entertainments%27%5D&amp;title=NBC+Universo&amp;cmd=ffrt2+http%3A%2F%2Flocalhost%2Fch%2F4825&amp;portal=%7B%22name%22%3A+%22NFPS%22%2C+%22parental%22%3A+%22true%22%2C+%22url%22%3A+%22http%3A%2F%2Fportal.iptvprivateserver.tv%22%2C+%22mac%22%3A+%2200%3A1A%3A78%3AA2%3A70%3A48%22%2C+%22serial%22%3A+%7B%22custom%22%3A+false%7D%2C+%22password%22%3A+%22Popper247%22%7D&amp;mode=play&amp;logo_url=http%3A%2F%2Fportal.iptvprivateserver.tv%2Fstalker_portal%2Fmisc%2Flogos%2F320%2F1805.png&quot;)</favourite>
    <favourite name="Galavision" thumb="http://portal.iptvprivateserver.tv/stalker_portal/misc/logos/320/102.png">PlayMedia(&quot;plugin://plugin.video.stalker/?tmp=1&amp;genre_name=%5B%27Entertainments%27%5D&amp;title=Galavision&amp;cmd=ffrt2+http%3A%2F%2Flocalhost%2Fch%2F9320&amp;portal=%7B%22name%22%3A+%22NFPS%22%2C+%22parental%22%3A+%22true%22%2C+%22url%22%3A+%22http%3A%2F%2Fportal.iptvprivateserver.tv%22%2C+%22mac%22%3A+%2200%3A1A%3A78%3AA2%3A70%3A48%22%2C+%22serial%22%3A+%7B%22custom%22%3A+false%7D%2C+%22password%22%3A+%22Popper247%22%7D&amp;mode=play&amp;logo_url=http%3A%2F%2Fportal.iptvprivateserver.tv%2Fstalker_portal%2Fmisc%2Flogos%2F320%2F102.png&quot;)</favourite>
    <favourite name="Pasiones" thumb="http://portal.iptvprivateserver.tv/stalker_portal/misc/logos/320/117.png">PlayMedia(&quot;plugin://plugin.video.stalker/?tmp=1&amp;genre_name=%5B%27Entertainments%27%5D&amp;title=Pasiones&amp;cmd=ffrt2+http%3A%2F%2Flocalhost%2Fch%2F295&amp;portal=%7B%22name%22%3A+%22NFPS%22%2C+%22parental%22%3A+%22true%22%2C+%22url%22%3A+%22http%3A%2F%2Fportal.iptvprivateserver.tv%22%2C+%22mac%22%3A+%2200%3A1A%3A78%3AA2%3A70%3A48%22%2C+%22serial%22%3A+%7B%22custom%22%3A+false%7D%2C+%22password%22%3A+%22Popper247%22%7D&amp;mode=play&amp;logo_url=http%3A%2F%2Fportal.iptvprivateserver.tv%2Fstalker_portal%2Fmisc%2Flogos%2F320%2F117.png&quot;)</favourite>
    <favourite name="Telemundo" thumb="http://portal.iptvprivateserver.tv/stalker_portal/misc/logos/320/815.png">PlayMedia(&quot;plugin://plugin.video.stalker/?tmp=1&amp;genre_name=%5B%27Entertainments%27%5D&amp;title=Telemundo&amp;cmd=ffrt2+http%3A%2F%2Flocalhost%2Fch%2F9602&amp;portal=%7B%22name%22%3A+%22NFPS%22%2C+%22parental%22%3A+%22true%22%2C+%22url%22%3A+%22http%3A%2F%2Fportal.iptvprivateserver.tv%22%2C+%22mac%22%3A+%2200%3A1A%3A78%3AA2%3A70%3A48%22%2C+%22serial%22%3A+%7B%22custom%22%3A+false%7D%2C+%22password%22%3A+%22Popper247%22%7D&amp;mode=play&amp;logo_url=http%3A%2F%2Fportal.iptvprivateserver.tv%2Fstalker_portal%2Fmisc%2Flogos%2F320%2F815.png&quot;)</favourite>
    <favourite name="Tlnovelas America" thumb="http://portal.iptvprivateserver.tv/stalker_portal/misc/logos/320/847.png">PlayMedia(&quot;plugin://plugin.video.stalker/?tmp=1&amp;genre_name=%5B%27Entertainments%27%5D&amp;title=Tlnovelas+America&amp;cmd=ffrt2+http%3A%2F%2Flocalhost%2Fch%2F1461&amp;portal=%7B%22name%22%3A+%22NFPS%22%2C+%22parental%22%3A+%22true%22%2C+%22url%22%3A+%22http%3A%2F%2Fportal.iptvprivateserver.tv%22%2C+%22mac%22%3A+%2200%3A1A%3A78%3AA2%3A70%3A48%22%2C+%22serial%22%3A+%7B%22custom%22%3A+false%7D%2C+%22password%22%3A+%22Popper247%22%7D&amp;mode=play&amp;logo_url=http%3A%2F%2Fportal.iptvprivateserver.tv%2Fstalker_portal%2Fmisc%2Flogos%2F320%2F847.png&quot;)</favourite>
    <favourite name="RCN Novelas" thumb="http://portal.iptvprivateserver.tv/stalker_portal/misc/logos/320/881.png">PlayMedia(&quot;plugin://plugin.video.stalker/?tmp=1&amp;genre_name=%5B%27Entertainments%27%5D&amp;title=RCN+Novelas&amp;cmd=ffrt2+http%3A%2F%2Flocalhost%2Fch%2F1493&amp;portal=%7B%22name%22%3A+%22NFPS%22%2C+%22parental%22%3A+%22true%22%2C+%22url%22%3A+%22http%3A%2F%2Fportal.iptvprivateserver.tv%22%2C+%22mac%22%3A+%2200%3A1A%3A78%3AA2%3A70%3A48%22%2C+%22serial%22%3A+%7B%22custom%22%3A+false%7D%2C+%22password%22%3A+%22Popper247%22%7D&amp;mode=play&amp;logo_url=http%3A%2F%2Fportal.iptvprivateserver.tv%2Fstalker_portal%2Fmisc%2Flogos%2F320%2F881.png&quot;)</favourite>
    <favourite name="DW Latinoamerica" thumb="http://portal.iptvprivateserver.tv/stalker_portal/misc/logos/320/1095.png">PlayMedia(&quot;plugin://plugin.video.stalker/?tmp=0&amp;genre_name=%5B%27Entertainments%27%5D&amp;title=DW+Latinoamerica&amp;cmd=ffrt2+http%3A%2F%2Fwww.metafilegenerator.de%2FDWelle%2Ftv-latinoamerica%2Fios%2Fmaster.m3u8&amp;portal=%7B%22name%22%3A+%22NFPS%22%2C+%22parental%22%3A+%22true%22%2C+%22url%22%3A+%22http%3A%2F%2Fportal.iptvprivateserver.tv%22%2C+%22mac%22%3A+%2200%3A1A%3A78%3AA2%3A70%3A48%22%2C+%22serial%22%3A+%7B%22custom%22%3A+false%7D%2C+%22password%22%3A+%22Popper247%22%7D&amp;mode=play&amp;logo_url=http%3A%2F%2Fportal.iptvprivateserver.tv%2Fstalker_portal%2Fmisc%2Flogos%2F320%2F1095.png&quot;)</favourite>
    <favourite name="Discovery Home &amp; Health Latinoamerica" thumb="http://portal.iptvprivateserver.tv/stalker_portal/misc/logos/320/44.png">PlayMedia(&quot;plugin://plugin.video.stalker/?tmp=1&amp;genre_name=%5B%27Entertainments%27%5D&amp;title=Discovery+Home+%26+Health+Latinoamerica&amp;cmd=ffrt2+http%3A%2F%2Flocalhost%2Fch%2F252&amp;portal=%7B%22name%22%3A+%22NFPS%22%2C+%22parental%22%3A+%22true%22%2C+%22url%22%3A+%22http%3A%2F%2Fportal.iptvprivateserver.tv%22%2C+%22mac%22%3A+%2200%3A1A%3A78%3AA2%3A70%3A48%22%2C+%22serial%22%3A+%7B%22custom%22%3A+false%7D%2C+%22password%22%3A+%22Popper247%22%7D&amp;mode=play&amp;logo_url=http%3A%2F%2Fportal.iptvprivateserver.tv%2Fstalker_portal%2Fmisc%2Flogos%2F320%2F44.png&quot;)</favourite>
    <favourite name="BBC Entertainment Latinoamerica" thumb="http://portal.iptvprivateserver.tv/stalker_portal/misc/logos/320/805.png">PlayMedia(&quot;plugin://plugin.video.stalker/?tmp=1&amp;genre_name=%5B%27Entertainments%27%5D&amp;title=BBC+Entertainment+Latinoamerica&amp;cmd=ffrt2+http%3A%2F%2Flocalhost%2Fch%2F1407&amp;portal=%7B%22name%22%3A+%22NFPS%22%2C+%22parental%22%3A+%22true%22%2C+%22url%22%3A+%22http%3A%2F%2Fportal.iptvprivateserver.tv%22%2C+%22mac%22%3A+%2200%3A1A%3A78%3AA2%3A70%3A48%22%2C+%22serial%22%3A+%7B%22custom%22%3A+false%7D%2C+%22password%22%3A+%22Popper247%22%7D&amp;mode=play&amp;logo_url=http%3A%2F%2Fportal.iptvprivateserver.tv%2Fstalker_portal%2Fmisc%2Flogos%2F320%2F805.png&quot;)</favourite>
    <favourite name="E! Latinoamerica" thumb="http://portal.iptvprivateserver.tv/stalker_portal/misc/logos/320/141.png">PlayMedia(&quot;plugin://plugin.video.stalker/?tmp=1&amp;genre_name=%5B%27Entertainments%27%5D&amp;title=E%21+Latinoamerica&amp;cmd=ffrt2+http%3A%2F%2Flocalhost%2Fch%2F427&amp;portal=%7B%22name%22%3A+%22NFPS%22%2C+%22parental%22%3A+%22true%22%2C+%22url%22%3A+%22http%3A%2F%2Fportal.iptvprivateserver.tv%22%2C+%22mac%22%3A+%2200%3A1A%3A78%3AA2%3A70%3A48%22%2C+%22serial%22%3A+%7B%22custom%22%3A+false%7D%2C+%22password%22%3A+%22Popper247%22%7D&amp;mode=play&amp;logo_url=http%3A%2F%2Fportal.iptvprivateserver.tv%2Fstalker_portal%2Fmisc%2Flogos%2F320%2F141.png&quot;)</favourite>
    <favourite name="Warner Channel Latinoamerica" thumb="http://portal.iptvprivateserver.tv/stalker_portal/misc/logos/320/839.png">PlayMedia(&quot;plugin://plugin.video.stalker/?tmp=1&amp;genre_name=%5B%27Entertainments%27%5D&amp;title=Warner+Channel+Latinoamerica&amp;cmd=ffrt2+http%3A%2F%2Flocalhost%2Fch%2F2499&amp;portal=%7B%22name%22%3A+%22NFPS%22%2C+%22parental%22%3A+%22true%22%2C+%22url%22%3A+%22http%3A%2F%2Fportal.iptvprivateserver.tv%22%2C+%22mac%22%3A+%2200%3A1A%3A78%3AA2%3A70%3A48%22%2C+%22serial%22%3A+%7B%22custom%22%3A+false%7D%2C+%22password%22%3A+%22Popper247%22%7D&amp;mode=play&amp;logo_url=http%3A%2F%2Fportal.iptvprivateserver.tv%2Fstalker_portal%2Fmisc%2Flogos%2F320%2F839.png&quot;)</favourite>
    <favourite name="FX Latino" thumb="http://portal.iptvprivateserver.tv/stalker_portal/misc/logos/320/143.png">PlayMedia(&quot;plugin://plugin.video.stalker/?tmp=1&amp;genre_name=%5B%27Entertainments%27%5D&amp;title=FX+Latino&amp;cmd=ffrt2+http%3A%2F%2Flocalhost%2Fch%2F431&amp;portal=%7B%22name%22%3A+%22NFPS%22%2C+%22parental%22%3A+%22true%22%2C+%22url%22%3A+%22http%3A%2F%2Fportal.iptvprivateserver.tv%22%2C+%22mac%22%3A+%2200%3A1A%3A78%3AA2%3A70%3A48%22%2C+%22serial%22%3A+%7B%22custom%22%3A+false%7D%2C+%22password%22%3A+%22Popper247%22%7D&amp;mode=play&amp;logo_url=http%3A%2F%2Fportal.iptvprivateserver.tv%2Fstalker_portal%2Fmisc%2Flogos%2F320%2F143.png&quot;)</favourite>
    <favourite name="Fox Latinoamerica" thumb="http://portal.iptvprivateserver.tv/stalker_portal/misc/logos/320/821.png">PlayMedia(&quot;plugin://plugin.video.stalker/?tmp=1&amp;genre_name=%5B%27Entertainments%27%5D&amp;title=Fox+Latinoamerica&amp;cmd=ffrt2+http%3A%2F%2Flocalhost%2Fch%2F3947&amp;portal=%7B%22name%22%3A+%22NFPS%22%2C+%22parental%22%3A+%22true%22%2C+%22url%22%3A+%22http%3A%2F%2Fportal.iptvprivateserver.tv%22%2C+%22mac%22%3A+%2200%3A1A%3A78%3AA2%3A70%3A48%22%2C+%22serial%22%3A+%7B%22custom%22%3A+false%7D%2C+%22password%22%3A+%22Popper247%22%7D&amp;mode=play&amp;logo_url=http%3A%2F%2Fportal.iptvprivateserver.tv%2Fstalker_portal%2Fmisc%2Flogos%2F320%2F821.png&quot;)</favourite>
    <favourite name="Syfy Latinoamerica" thumb="http://portal.iptvprivateserver.tv/stalker_portal/misc/logos/320/145.png">PlayMedia(&quot;plugin://plugin.video.stalker/?tmp=1&amp;genre_name=%5B%27Entertainments%27%5D&amp;title=Syfy+Latinoamerica&amp;cmd=ffrt2+http%3A%2F%2Flocalhost%2Fch%2F447&amp;portal=%7B%22name%22%3A+%22NFPS%22%2C+%22parental%22%3A+%22true%22%2C+%22url%22%3A+%22http%3A%2F%2Fportal.iptvprivateserver.tv%22%2C+%22mac%22%3A+%2200%3A1A%3A78%3AA2%3A70%3A48%22%2C+%22serial%22%3A+%7B%22custom%22%3A+false%7D%2C+%22password%22%3A+%22Popper247%22%7D&amp;mode=play&amp;logo_url=http%3A%2F%2Fportal.iptvprivateserver.tv%2Fstalker_portal%2Fmisc%2Flogos%2F320%2F145.png&quot;)</favourite>
    <favourite name="A&amp;E Latinoamerica" thumb="http://portal.iptvprivateserver.tv/stalker_portal/misc/logos/320/43.png">PlayMedia(&quot;plugin://plugin.video.stalker/?tmp=1&amp;genre_name=%5B%27Entertainments%27%5D&amp;title=A%26E+Latinoamerica&amp;cmd=ffrt2+http%3A%2F%2Flocalhost%2Fch%2F258&amp;portal=%7B%22name%22%3A+%22NFPS%22%2C+%22parental%22%3A+%22true%22%2C+%22url%22%3A+%22http%3A%2F%2Fportal.iptvprivateserver.tv%22%2C+%22mac%22%3A+%2200%3A1A%3A78%3AA2%3A70%3A48%22%2C+%22serial%22%3A+%7B%22custom%22%3A+false%7D%2C+%22password%22%3A+%22Popper247%22%7D&amp;mode=play&amp;logo_url=http%3A%2F%2Fportal.iptvprivateserver.tv%2Fstalker_portal%2Fmisc%2Flogos%2F320%2F43.png&quot;)</favourite>
    <favourite name="TLC Latinoamerica" thumb="http://portal.iptvprivateserver.tv/stalker_portal/misc/logos/320/149.png">PlayMedia(&quot;plugin://plugin.video.stalker/?tmp=1&amp;genre_name=%5B%27Entertainments%27%5D&amp;title=TLC+Latinoamerica&amp;cmd=ffrt2+http%3A%2F%2Flocalhost%2Fch%2F327&amp;portal=%7B%22name%22%3A+%22NFPS%22%2C+%22parental%22%3A+%22true%22%2C+%22url%22%3A+%22http%3A%2F%2Fportal.iptvprivateserver.tv%22%2C+%22mac%22%3A+%2200%3A1A%3A78%3AA2%3A70%3A48%22%2C+%22serial%22%3A+%7B%22custom%22%3A+false%7D%2C+%22password%22%3A+%22Popper247%22%7D&amp;mode=play&amp;logo_url=http%3A%2F%2Fportal.iptvprivateserver.tv%2Fstalker_portal%2Fmisc%2Flogos%2F320%2F149.png&quot;)</favourite>
    <favourite name="AXN Latinoamerica" thumb="http://portal.iptvprivateserver.tv/stalker_portal/misc/logos/320/833.png">PlayMedia(&quot;plugin://plugin.video.stalker/?tmp=1&amp;genre_name=%5B%27Entertainments%27%5D&amp;title=AXN+Latinoamerica&amp;cmd=ffrt2+http%3A%2F%2Flocalhost%2Fch%2F2493&amp;portal=%7B%22name%22%3A+%22NFPS%22%2C+%22parental%22%3A+%22true%22%2C+%22url%22%3A+%22http%3A%2F%2Fportal.iptvprivateserver.tv%22%2C+%22mac%22%3A+%2200%3A1A%3A78%3AA2%3A70%3A48%22%2C+%22serial%22%3A+%7B%22custom%22%3A+false%7D%2C+%22password%22%3A+%22Popper247%22%7D&amp;mode=play&amp;logo_url=http%3A%2F%2Fportal.iptvprivateserver.tv%2Fstalker_portal%2Fmisc%2Flogos%2F320%2F833.png&quot;)</favourite>
    <favourite name="MundoFox" thumb="http://portal.iptvprivateserver.tv/stalker_portal/misc/logos/320/151.png">PlayMedia(&quot;plugin://plugin.video.stalker/?tmp=1&amp;genre_name=%5B%27Entertainments%27%5D&amp;title=MundoFox&amp;cmd=ffrt2+http%3A%2F%2Flocalhost%2Fch%2F429&amp;portal=%7B%22name%22%3A+%22NFPS%22%2C+%22parental%22%3A+%22true%22%2C+%22url%22%3A+%22http%3A%2F%2Fportal.iptvprivateserver.tv%22%2C+%22mac%22%3A+%2200%3A1A%3A78%3AA2%3A70%3A48%22%2C+%22serial%22%3A+%7B%22custom%22%3A+false%7D%2C+%22password%22%3A+%22Popper247%22%7D&amp;mode=play&amp;logo_url=http%3A%2F%2Fportal.iptvprivateserver.tv%2Fstalker_portal%2Fmisc%2Flogos%2F320%2F151.png&quot;)</favourite>
    <favourite name="TNT Series Latinoamerica" thumb="http://portal.iptvprivateserver.tv/stalker_portal/misc/logos/320/153.png">PlayMedia(&quot;plugin://plugin.video.stalker/?tmp=1&amp;genre_name=%5B%27Entertainments%27%5D&amp;title=TNT+Series+Latinoamerica&amp;cmd=ffrt2+http%3A%2F%2Flocalhost%2Fch%2F331&amp;portal=%7B%22name%22%3A+%22NFPS%22%2C+%22parental%22%3A+%22true%22%2C+%22url%22%3A+%22http%3A%2F%2Fportal.iptvprivateserver.tv%22%2C+%22mac%22%3A+%2200%3A1A%3A78%3AA2%3A70%3A48%22%2C+%22serial%22%3A+%7B%22custom%22%3A+false%7D%2C+%22password%22%3A+%22Popper247%22%7D&amp;mode=play&amp;logo_url=http%3A%2F%2Fportal.iptvprivateserver.tv%2Fstalker_portal%2Fmisc%2Flogos%2F320%2F153.png&quot;)</favourite>
    <favourite name="TBS America Latina" thumb="http://portal.iptvprivateserver.tv/stalker_portal/misc/logos/320/155.png">PlayMedia(&quot;plugin://plugin.video.stalker/?tmp=1&amp;genre_name=%5B%27Entertainments%27%5D&amp;title=TBS+America+Latina&amp;cmd=ffrt2+http%3A%2F%2Flocalhost%2Fch%2F333&amp;portal=%7B%22name%22%3A+%22NFPS%22%2C+%22parental%22%3A+%22true%22%2C+%22url%22%3A+%22http%3A%2F%2Fportal.iptvprivateserver.tv%22%2C+%22mac%22%3A+%2200%3A1A%3A78%3AA2%3A70%3A48%22%2C+%22serial%22%3A+%7B%22custom%22%3A+false%7D%2C+%22password%22%3A+%22Popper247%22%7D&amp;mode=play&amp;logo_url=http%3A%2F%2Fportal.iptvprivateserver.tv%2Fstalker_portal%2Fmisc%2Flogos%2F320%2F155.png&quot;)</favourite>
    <favourite name="Glitz Latinoamerica" thumb="http://portal.iptvprivateserver.tv/stalker_portal/misc/logos/320/859.png">PlayMedia(&quot;plugin://plugin.video.stalker/?tmp=1&amp;genre_name=%5B%27Entertainments%27%5D&amp;title=Glitz+Latinoamerica&amp;cmd=ffrt2+http%3A%2F%2Flocalhost%2Fch%2F1473&amp;portal=%7B%22name%22%3A+%22NFPS%22%2C+%22parental%22%3A+%22true%22%2C+%22url%22%3A+%22http%3A%2F%2Fportal.iptvprivateserver.tv%22%2C+%22mac%22%3A+%2200%3A1A%3A78%3AA2%3A70%3A48%22%2C+%22serial%22%3A+%7B%22custom%22%3A+false%7D%2C+%22password%22%3A+%22Popper247%22%7D&amp;mode=play&amp;logo_url=http%3A%2F%2Fportal.iptvprivateserver.tv%2Fstalker_portal%2Fmisc%2Flogos%2F320%2F859.png&quot;)</favourite>
    <favourite name="FOX Life" thumb="http://portal.iptvprivateserver.tv/stalker_portal/misc/logos/320/157.png">PlayMedia(&quot;plugin://plugin.video.stalker/?tmp=1&amp;genre_name=%5B%27Entertainments%27%5D&amp;title=FOX+Life&amp;cmd=ffrt2+http%3A%2F%2Flocalhost%2Fch%2F425&amp;portal=%7B%22name%22%3A+%22NFPS%22%2C+%22parental%22%3A+%22true%22%2C+%22url%22%3A+%22http%3A%2F%2Fportal.iptvprivateserver.tv%22%2C+%22mac%22%3A+%2200%3A1A%3A78%3AA2%3A70%3A48%22%2C+%22serial%22%3A+%7B%22custom%22%3A+false%7D%2C+%22password%22%3A+%22Popper247%22%7D&amp;mode=play&amp;logo_url=http%3A%2F%2Fportal.iptvprivateserver.tv%2Fstalker_portal%2Fmisc%2Flogos%2F320%2F157.png&quot;)</favourite>
    <favourite name="Distrito Comedia" thumb="http://portal.iptvprivateserver.tv/stalker_portal/misc/logos/320/879.png">PlayMedia(&quot;plugin://plugin.video.stalker/?tmp=1&amp;genre_name=%5B%27Entertainments%27%5D&amp;title=Distrito+Comedia&amp;cmd=ffrt2+http%3A%2F%2Flocalhost%2Fch%2F1491&amp;portal=%7B%22name%22%3A+%22NFPS%22%2C+%22parental%22%3A+%22true%22%2C+%22url%22%3A+%22http%3A%2F%2Fportal.iptvprivateserver.tv%22%2C+%22mac%22%3A+%2200%3A1A%3A78%3AA2%3A70%3A48%22%2C+%22serial%22%3A+%7B%22custom%22%3A+false%7D%2C+%22password%22%3A+%22Popper247%22%7D&amp;mode=play&amp;logo_url=http%3A%2F%2Fportal.iptvprivateserver.tv%2Fstalker_portal%2Fmisc%2Flogos%2F320%2F879.png&quot;)</favourite>
    <favourite name="Comedy Central Latinoamerica" thumb="http://portal.iptvprivateserver.tv/stalker_portal/misc/logos/320/617.png">PlayMedia(&quot;plugin://plugin.video.stalker/?tmp=1&amp;genre_name=%5B%27Entertainments%27%5D&amp;title=Comedy+Central+Latinoamerica&amp;cmd=ffrt2+http%3A%2F%2Flocalhost%2Fch%2F1037&amp;portal=%7B%22name%22%3A+%22NFPS%22%2C+%22parental%22%3A+%22true%22%2C+%22url%22%3A+%22http%3A%2F%2Fportal.iptvprivateserver.tv%22%2C+%22mac%22%3A+%2200%3A1A%3A78%3AA2%3A70%3A48%22%2C+%22serial%22%3A+%7B%22custom%22%3A+false%7D%2C+%22password%22%3A+%22Popper247%22%7D&amp;mode=play&amp;logo_url=http%3A%2F%2Fportal.iptvprivateserver.tv%2Fstalker_portal%2Fmisc%2Flogos%2F320%2F617.png&quot;)</favourite>
    <favourite name="Tru TV America Latina" thumb="http://portal.iptvprivateserver.tv/stalker_portal/misc/logos/320/159.png">PlayMedia(&quot;plugin://plugin.video.stalker/?tmp=1&amp;genre_name=%5B%27Entertainments%27%5D&amp;title=Tru+TV+America+Latina&amp;cmd=ffrt2+http%3A%2F%2Flocalhost%2Fch%2F337&amp;portal=%7B%22name%22%3A+%22NFPS%22%2C+%22parental%22%3A+%22true%22%2C+%22url%22%3A+%22http%3A%2F%2Fportal.iptvprivateserver.tv%22%2C+%22mac%22%3A+%2200%3A1A%3A78%3AA2%3A70%3A48%22%2C+%22serial%22%3A+%7B%22custom%22%3A+false%7D%2C+%22password%22%3A+%22Popper247%22%7D&amp;mode=play&amp;logo_url=http%3A%2F%2Fportal.iptvprivateserver.tv%2Fstalker_portal%2Fmisc%2Flogos%2F320%2F159.png&quot;)</favourite>
    <favourite name="Lifetime Latinoamerica" thumb="http://portal.iptvprivateserver.tv/stalker_portal/misc/logos/320/161.png">PlayMedia(&quot;plugin://plugin.video.stalker/?tmp=1&amp;genre_name=%5B%27Entertainments%27%5D&amp;title=Lifetime+Latinoamerica&amp;cmd=ffrt2+http%3A%2F%2Flocalhost%2Fch%2F423&amp;portal=%7B%22name%22%3A+%22NFPS%22%2C+%22parental%22%3A+%22true%22%2C+%22url%22%3A+%22http%3A%2F%2Fportal.iptvprivateserver.tv%22%2C+%22mac%22%3A+%2200%3A1A%3A78%3AA2%3A70%3A48%22%2C+%22serial%22%3A+%7B%22custom%22%3A+false%7D%2C+%22password%22%3A+%22Popper247%22%7D&amp;mode=play&amp;logo_url=http%3A%2F%2Fportal.iptvprivateserver.tv%2Fstalker_portal%2Fmisc%2Flogos%2F320%2F161.png&quot;)</favourite>
    <favourite name="VH1 Classic Europe" thumb="http://portal.iptvprivateserver.tv/stalker_portal/misc/logos/320/237.png">PlayMedia(&quot;plugin://plugin.video.stalker/?tmp=1&amp;genre_name=%5B%27Entertainments%27%5D&amp;title=VH1+Classic+Europe&amp;cmd=ffrt2+http%3A%2F%2Flocalhost%2Fch%2F415&amp;portal=%7B%22name%22%3A+%22NFPS%22%2C+%22parental%22%3A+%22true%22%2C+%22url%22%3A+%22http%3A%2F%2Fportal.iptvprivateserver.tv%22%2C+%22mac%22%3A+%2200%3A1A%3A78%3AA2%3A70%3A48%22%2C+%22serial%22%3A+%7B%22custom%22%3A+false%7D%2C+%22password%22%3A+%22Popper247%22%7D&amp;mode=play&amp;logo_url=http%3A%2F%2Fportal.iptvprivateserver.tv%2Fstalker_portal%2Fmisc%2Flogos%2F320%2F237.png&quot;)</favourite>
    <favourite name="VH1 Latino Norte" thumb="http://portal.iptvprivateserver.tv/stalker_portal/misc/logos/320/227.png">PlayMedia(&quot;plugin://plugin.video.stalker/?tmp=1&amp;genre_name=%5B%27Entertainments%27%5D&amp;title=VH1+Latino+Norte&amp;cmd=ffrt2+http%3A%2F%2Flocalhost%2Fch%2F483&amp;portal=%7B%22name%22%3A+%22NFPS%22%2C+%22parental%22%3A+%22true%22%2C+%22url%22%3A+%22http%3A%2F%2Fportal.iptvprivateserver.tv%22%2C+%22mac%22%3A+%2200%3A1A%3A78%3AA2%3A70%3A48%22%2C+%22serial%22%3A+%7B%22custom%22%3A+false%7D%2C+%22password%22%3A+%22Popper247%22%7D&amp;mode=play&amp;logo_url=http%3A%2F%2Fportal.iptvprivateserver.tv%2Fstalker_portal%2Fmisc%2Flogos%2F320%2F227.png&quot;)</favourite>
    <favourite name="TNT America Latina" thumb="http://portal.iptvprivateserver.tv/stalker_portal/misc/logos/320/37.png">PlayMedia(&quot;plugin://plugin.video.stalker/?tmp=0&amp;genre_name=%5B%27Entertainments%27%5D&amp;title=TNT+America+Latina&amp;cmd=ffrt2+http%3A%2F%2Flb.iptvserver.tv%3A8080%2Fredirect%2FLiveEdge%2FTNTAmericaLatinaHD%2Fplaylist.m3u8&amp;portal=%7B%22name%22%3A+%22NFPS%22%2C+%22parental%22%3A+%22true%22%2C+%22url%22%3A+%22http%3A%2F%2Fportal.iptvprivateserver.tv%22%2C+%22mac%22%3A+%2200%3A1A%3A78%3AA2%3A70%3A48%22%2C+%22serial%22%3A+%7B%22custom%22%3A+false%7D%2C+%22password%22%3A+%22Popper247%22%7D&amp;mode=play&amp;logo_url=http%3A%2F%2Fportal.iptvprivateserver.tv%2Fstalker_portal%2Fmisc%2Flogos%2F320%2F37.png&quot;)</favourite>
    <favourite name="Univision Puerto Rico" thumb="http://portal.iptvprivateserver.tv/stalker_portal/misc/logos/320/2994.png">PlayMedia(&quot;plugin://plugin.video.stalker/?tmp=1&amp;genre_name=%5B%27Entertainments%27%5D&amp;title=Univision+Puerto+Rico&amp;cmd=ffrt2+http%3A%2F%2Flocalhost%2Fch%2F8474&amp;portal=%7B%22name%22%3A+%22NFPS%22%2C+%22parental%22%3A+%22true%22%2C+%22url%22%3A+%22http%3A%2F%2Fportal.iptvprivateserver.tv%22%2C+%22mac%22%3A+%2200%3A1A%3A78%3AA2%3A70%3A48%22%2C+%22serial%22%3A+%7B%22custom%22%3A+false%7D%2C+%22password%22%3A+%22Popper247%22%7D&amp;mode=play&amp;logo_url=http%3A%2F%2Fportal.iptvprivateserver.tv%2Fstalker_portal%2Fmisc%2Flogos%2F320%2F2994.png&quot;)</favourite>
    <favourite name="Mundo Max Puerto Rico" thumb="http://portal.iptvprivateserver.tv/stalker_portal/misc/logos/320/2981.png">PlayMedia(&quot;plugin://plugin.video.stalker/?tmp=1&amp;genre_name=%5B%27Entertainments%27%5D&amp;title=Mundo+Max+Puerto+Rico&amp;cmd=ffrt2+http%3A%2F%2Flocalhost%2Fch%2F8461&amp;portal=%7B%22name%22%3A+%22NFPS%22%2C+%22parental%22%3A+%22true%22%2C+%22url%22%3A+%22http%3A%2F%2Fportal.iptvprivateserver.tv%22%2C+%22mac%22%3A+%2200%3A1A%3A78%3AA2%3A70%3A48%22%2C+%22serial%22%3A+%7B%22custom%22%3A+false%7D%2C+%22password%22%3A+%22Popper247%22%7D&amp;mode=play&amp;logo_url=http%3A%2F%2Fportal.iptvprivateserver.tv%2Fstalker_portal%2Fmisc%2Flogos%2F320%2F2981.png&quot;)</favourite>
  
</favourites>
