<favourites>
	<favourite name="[COLOR red]SEARCH[/COLOR]" thumb="https://raw.githubusercontent.com/vinhcomp/xml/master/repository.vinh/movieshd.png">ActivateWindow(10025,&quot;plugin://plugin.video.youtube/kodion/search/list/&quot;,return)</favourite>
	<favourite name="[COLOR ffff0000][LIVE][/COLOR][COLOR yellow][B] TV - Hải Ngoại[/B][/COLOR]" thumb="https://raw.githubusercontent.com/vinhcomp/xml/master/repository.vinh/tvhaingoai.png">ActivateWindow(10025,&quot;plugin://plugin.video.livetv/?iconimage=https%3a%2f%2fraw.githubusercontent.com%2fvinhcomp%2fxml%2fmaster%2frepository.vinh%2ftvhaingoai.png&amp;mode=tvchannel&amp;name=%5bCOLOR%20yellow%5d%5bB%5dTV%20-%20H%e1%ba%a3i%20Ngo%e1%ba%a1i%5b%2fB%5d%5b%2fCOLOR%5d&amp;url=https%3a%2f%2fraw.githubusercontent.com%2fvinhcomp%2fxml%2fmaster%2fxml%2ftvhaingoai.xml&quot;,return)</favourite>
    <favourite name="[COLOR ffff0000][LIVE][/COLOR][COLOR yellow][B] TV - Trong Nước[/B][/COLOR]" thumb="https://raw.githubusercontent.com/vinhcomp/xml/master/repository.vinh/tvtrongnuoc.png">ActivateWindow(10025,&quot;plugin://plugin.video.livetv/?iconimage=https%3a%2f%2fraw.githubusercontent.com%2fvinhcomp%2fxml%2fmaster%2frepository.vinh%2ftvtrongnuoc.png&amp;mode=tvchannel&amp;name=%5bCOLOR%20yellow%5d%5bB%5dTV%20-%20Trong%20N%c6%b0%e1%bb%9bc%5b%2fB%5d%5b%2fCOLOR%5d&amp;url=https%3a%2f%2fraw.githubusercontent.com%2fvinhcomp%2fxml%2fmaster%2fxml%2ftvtrongnuoc.xml&quot;,return)</favourite>
	<favourite name="[COLOR orange]Kho Phim 1[/COLOR]" thumb="https://docs.google.com/drawings/d/1Lj4bt4bF1rw1aeNCT5C2qQUf36GQK9aogSMq0rSLkQo/pub?w=256&amp;h=256">ActivateWindow(10025,&quot;plugin://plugin.video.thongld.vnplaylist/section/1913223107@1zL6Kw4ZGoNcIuW9TAlHWZrNIJbDU5xHTtz-o8vpoJss/%5BCOLOR+yellow%5DKHO+PHIM+%28Thuy%E1%BA%BFt+Minh%2C+Vietsub%29%5B%2FCOLOR%5D&quot;,return)</favourite>
	<favourite name="[COLOR orange]Kho Phim 2[/COLOR]" thumb="https://vignette.wikia.nocookie.net/phobia/images/b/b2/Movie.jpg/revision/latest?cb=20171109102106">ActivateWindow(10025,&quot;plugin://plugin.video.xshare/?fanart=C%3a%5cUsers%5cVinh%5cAppData%5cRoaming%5cKodi%5caddons%5cplugin.video.xshare%2ffanart.jpg&amp;img=C%3a%5cUsers%5cVinh%5cAppData%5cRoaming%5cKodi%5cuserdata%5caddon_data%5cplugin.video.xshare%5cicon%5cserverphimkhac.png&amp;mode=88&amp;name=%5bCOLOR%20orange%5dKho%20c%c3%a1c%20server%20kh%c3%a1c%20(Free%20Servers)%5b%2fCOLOR%5d&amp;page=0&amp;query=FRE&amp;url=FRE&quot;,return)</favourite>	
	<favourite name="[COLOR orange]Kho Phim 3[/COLOR]" thumb="https://docs.google.com/drawings/d/1JRt7GI2fuDhG3rO0v1EiAFJjEKowj5Bwxr-h_eDS3bE/pub?w=256&amp;h=256">ActivateWindow(10025,&quot;plugin://plugin.video.kodi4vn.launcher/dir/510303552&quot;,return)</favourite>
	<favourite name="[COLOR orange]Kho Phim 4[/COLOR]" thumb="https://vignette.wikia.nocookie.net/phobia/images/b/b2/Movie.jpg/revision/latest?cb=20171109102106">StartAndroidActivity(&quot;com.aphim.tv&quot;)</favourite>	
	<favourite name="[COLOR yellow]Phim Việt Nam[/COLOR]" thumb="https://raw.githubusercontent.com/vinhcomp/xml/master/repository.vinh/movieshd.png">ActivateWindow(10025,&quot;plugin://plugin.video.youtube/kodion/search/query/?q=phim%20viet%20nam&amp;search_type=playlist&quot;,return)</favourite>
	<favourite name="[COLOR yellow]Phim Lẻ[/COLOR]" thumb="https://raw.githubusercontent.com/vinhcomp/xml/master/repository.vinh/movieshd.png">ActivateWindow(10025,&quot;plugin://plugin.video.youtube/kodion/search/query/?q=phim%20le&amp;search_type=playlist&quot;,return)</favourite>
	<favourite name="[COLOR yellow]Phim Bộ[/COLOR]" thumb="https://raw.githubusercontent.com/vinhcomp/xml/master/repository.vinh/movieshd.png">ActivateWindow(10025,&quot;plugin://plugin.video.youtube/kodion/search/query/?q=phim%20bo&amp;search_type=playlist&quot;,return)</favourite>
	<favourite name="[COLOR yellow]Phim Hoạt Hình[/COLOR]" thumb="https://raw.githubusercontent.com/vinhcomp/xml/master/repository.vinh/movieshd.png">ActivateWindow(10025,&quot;plugin://plugin.video.youtube/kodion/search/query/?q=phim%20hoat%20hinh&amp;search_type=playlist&quot;,return)</favourite>
	<favourite name="[COLOR yellow]Phim Hongkong[/COLOR]" thumb="https://raw.githubusercontent.com/vinhcomp/xml/master/repository.vinh/movieshd.png">ActivateWindow(10025,&quot;plugin://plugin.video.youtube/kodion/search/query/?q=phim%20hongkong&amp;search_type=playlist&quot;,return))</favourite>
	<favourite name="[COLOR yellow]Phim Trung Quốc[/COLOR]" thumb="https://raw.githubusercontent.com/vinhcomp/xml/master/repository.vinh/movieshd.png">ActivateWindow(10025,&quot;plugin://plugin.video.youtube/kodion/search/query/?q=phim%20trung%20quoc&amp;search_type=playlist&quot;,return))</favourite>
	<favourite name="[COLOR yellow]Phim Hàn Quốc[/COLOR]" thumb="https://raw.githubusercontent.com/vinhcomp/xml/master/repository.vinh/movieshd.png">ActivateWindow(10025,&quot;plugin://plugin.video.youtube/kodion/search/query/?q=phim%20han%20quoc&amp;search_type=playlist&quot;,return)</favourite>
	<favourite name="[COLOR yellow]Phim Thái Lan[/COLOR]" thumb="https://raw.githubusercontent.com/vinhcomp/xml/master/repository.vinh/movieshd.png">ActivateWindow(10025,&quot;plugin://plugin.video.youtube/kodion/search/query/?q=phim%20thai%20lan&amp;search_type=playlist&quot;,return)</favourite>
	<favourite name="[COLOR yellow]Phim Ấn Độ[/COLOR]" thumb="https://raw.githubusercontent.com/vinhcomp/xml/master/repository.vinh/movieshd.png">ActivateWindow(10025,&quot;plugin://plugin.video.youtube/kodion/search/query/?q=phim%20an%20do&amp;search_type=playlist&quot;,return)</favourite>
	<favourite name="[COLOR yellow]Phim Đài Loan[/COLOR]" thumb="https://raw.githubusercontent.com/vinhcomp/xml/master/repository.vinh/movieshd.png">ActivateWindow(10025,&quot;plugin://plugin.video.youtube/kodion/search/query/?q=phim%20dai%20loan&amp;search_type=playlist&quot;,return)</favourite>
	<favourite name="[COLOR lime]Du Lịch Việt Nam 1[/COLOR]" thumb="https://raw.githubusercontent.com/vinhcomp/xml/master/repository.vinh/dulich1.png">ActivateWindow(10025,&quot;plugin://plugin.video.youtube/kodion/search/query/?q=du%20lich%20viet%20nam&amp;search_type=playlist&quot;,return)</favourite>
	<favourite name="[COLOR lime]Phóng Sự[/COLOR]" thumb="https://raw.githubusercontent.com/vinhcomp/xml/master/repository.vinh/dulich1.png">ActivateWindow(10025,&quot;plugin://plugin.video.youtube/kodion/search/query/?q=phong%20su&amp;search_type=playlist&quot;,return)</favourite>
	<favourite name="[COLOR lime]Ký Sự[/COLOR]" thumb="https://raw.githubusercontent.com/vinhcomp/xml/master/repository.vinh/dulich1.png">ActivateWindow(10025,&quot;plugin://plugin.video.youtube/kodion/search/query/?q=ky%20su&amp;search_type=playlist&quot;,return)</favourite>
	<favourite name="[COLOR lime]Du Lịch Thế Giới[/COLOR]" thumb="https://raw.githubusercontent.com/vinhcomp/xml/master/repository.vinh/dulich1.png">ActivateWindow(10025,&quot;plugin://plugin.video.youtube/kodion/search/query/?q=du%20lich%20the%20gioi&amp;search_type=playlist&quot;,return)</favourite>
	<favourite name="[COLOR lime]Du Lịch Miền Tây[/COLOR]" thumb="https://raw.githubusercontent.com/vinhcomp/xml/master/repository.vinh/dulich1.png">ActivateWindow(10025,&quot;plugin://plugin.video.youtube/kodion/search/query/?q=du%20lich%20mien%20tay&amp;search_type=playlist&quot;,return)</favourite>
	<favourite name="[COLOR lime]Du Lịch Miền Bắc[/COLOR]" thumb="https://raw.githubusercontent.com/vinhcomp/xml/master/repository.vinh/dulich1.png">ActivateWindow(10025,&quot;plugin://plugin.video.youtube/kodion/search/query/?q=du%20lich%20mien%20bac&amp;search_type=playlist&quot;,return)</favourite>
	<favourite name="[COLOR lime]Du Lịch Miền Trung[/COLOR]" thumb="https://raw.githubusercontent.com/vinhcomp/xml/master/repository.vinh/dulich1.png">ActivateWindow(10025,&quot;plugin://plugin.video.youtube/kodion/search/query/?q=du%20lich%20mien%20trung&amp;search_type=playlist&quot;,return)</favourite>
	<favourite name="[COLOR yellow]Tết 2019[/COLOR]" thumb="https://chiasetainguyen.com/upload-file/thiep-chuc-tet-2019-dep-chia-se-tai-nguyen-25bed35ba8490f.jpg">ActivateWindow(10025,&quot;plugin://plugin.video.youtube/kodion/search/query/?q=tet%202019&amp;search_type=playlist&quot;,return)</favourite>
	<favourite name="[COLOR blue]Nhạc Việt Nam[/COLOR]" thumb="https://raw.githubusercontent.com/vinhcomp/xml/master/repository.vinh/videomusic.png">ActivateWindow(10025,&quot;plugin://plugin.video.youtube/kodion/search/query/?q=nhac%20viet%20nam&amp;search_type=playlist&quot;,return)</favourite>
	<favourite name="[COLOR blue]Nhạc Bolero[/COLOR]" thumb="https://raw.githubusercontent.com/vinhcomp/xml/master/repository.vinh/videomusic.png">ActivateWindow(10025,&quot;plugin://plugin.video.youtube/kodion/search/query/?q=nhac%20bolero&amp;search_type=playlist&quot;,return)</favourite>
	<favourite name="[COLOR blue]Nhạc Trẻ[/COLOR]" thumb="https://raw.githubusercontent.com/vinhcomp/xml/master/repository.vinh/videomusic.png">ActivateWindow(10025,&quot;plugin://plugin.video.youtube/kodion/search/query/?q=nhac%20tre&amp;search_type=playlist&quot;,return)</favourite>
	<favourite name="[COLOR blue]Nhạc Không Lời[/COLOR]" thumb="https://raw.githubusercontent.com/vinhcomp/xml/master/repository.vinh/videomusic.png">ActivateWindow(10025,&quot;plugin://plugin.video.youtube/kodion/search/query/?q=nhac%20khong%20loi&amp;search_type=playlist&quot;,return)</favourite>
	<favourite name="[COLOR blue]Nhạc Xuân[/COLOR]" thumb="https://raw.githubusercontent.com/vinhcomp/xml/master/repository.vinh/videomusic.png">ActivateWindow(10025,&quot;plugin://plugin.video.youtube/kodion/search/query/?q=nhac%20xuan&amp;search_type=playlist&quot;,return)</favourite>
	<favourite name="[COLOR blue]Nhạc Giáng Sinh[/COLOR]" thumb="https://raw.githubusercontent.com/vinhcomp/xml/master/repository.vinh/videomusic.png">ActivateWindow(10025,&quot;plugin://plugin.video.youtube/kodion/search/query/?q=nhac%20giang%20sinh&amp;search_type=playlist&quot;,return)</favourite>
	<favourite name="[COLOR green]Karaoke Tiếng Việt[/COLOR]" thumb="https://raw.githubusercontent.com/vinhcomp/xml/master/repository.vinh/karaoke.png">ActivateWindow(10025,&quot;plugin://plugin.video.youtube/kodion/search/query/?q=karaoke%20tieng%20viet&amp;search_type=playlist&quot;,return)</favourite>
	<favourite name="[COLOR green]Karaoke English[/COLOR]" thumb="https://raw.githubusercontent.com/vinhcomp/xml/master/repository.vinh/karaoke.png">ActivateWindow(10025,&quot;plugin://plugin.video.youtube/kodion/search/query/?q=karaoke%20english&amp;search_type=playlist&quot;,return)</favourite>
	<favourite name="[COLOR yellow]Cải Lương[/COLOR]" thumb="https://raw.githubusercontent.com/vinhcomp/xml/master/repository.vinh/cailuong.png">ActivateWindow(10025,&quot;plugin://plugin.video.youtube/kodion/search/query/?q=cai%20luong&amp;search_type=playlist&quot;,return)</favourite>
	<favourite name="[COLOR yellow]Gameshow[/COLOR]" thumb="https://raw.githubusercontent.com/vinhcomp/xml/master/repository.vinh/tvshow1.png">ActivateWindow(10025,&quot;plugin://plugin.video.youtube/kodion/search/query/?q=gameshow%20vietnam&amp;search_type=playlist&quot;,return)</favourite>
	<favourite name="[COLOR orange]Truyện Nguyễn Ngọc Ngạn[/COLOR]" thumb="https://raw.githubusercontent.com/vinhcomp/xml/master/repository.vinh/audio.png">ActivateWindow(10025,&quot;plugin://plugin.video.youtube/kodion/search/query/?q=truyen%20nguyen%20ngoc%20ngan&amp;search_type=playlist&quot;,return)</favourite>
	<favourite name="[COLOR orange]Truyện Ma[/COLOR]" thumb="https://raw.githubusercontent.com/vinhcomp/xml/master/repository.vinh/audio.png">ActivateWindow(10025,&quot;plugin://plugin.video.youtube/kodion/search/query/?q=truyen%20ma&amp;search_type=playlist&quot;,return)</favourite>
</favourites>