<favourites>
  <favourite name="USA Network East" thumb="http://portal.iptvprivateserver.tv/stalker_portal/misc/logos/320/20.png">PlayMedia(&quot;plugin://plugin.video.stalker/?tmp=1&amp;genre_name=%5B%27Cinema%27%5D&amp;title=USA+Network+East&amp;cmd=ffrt2+http%3A%2F%2Flocalhost%2Fch%2F2579&amp;portal=%7B%22name%22%3A+%22NFPS%22%2C+%22parental%22%3A+%22false%22%2C+%22url%22%3A+%22http%3A%2F%2Fportal.iptvprivateserver.tv%22%2C+%22mac%22%3A+%2200%3A1A%3A78%3AA2%3A70%3A47%22%2C+%22serial%22%3A+%7B%22custom%22%3A+false%7D%2C+%22password%22%3A+%220000%22%7D&amp;mode=play&amp;logo_url=http%3A%2F%2Fportal.iptvprivateserver.tv%2Fstalker_portal%2Fmisc%2Flogos%2F320%2F20.png&quot;)</favourite>
    <favourite name="TCM US" thumb="http://portal.iptvprivateserver.tv/stalker_portal/misc/logos/320/675.png">PlayMedia(&quot;plugin://plugin.video.stalker/?tmp=1&amp;genre_name=%5B%27Cinema%27%5D&amp;title=TCM+US&amp;cmd=ffrt2+http%3A%2F%2Flocalhost%2Fch%2F1105&amp;portal=%7B%22name%22%3A+%22NFPS%22%2C+%22parental%22%3A+%22false%22%2C+%22url%22%3A+%22http%3A%2F%2Fportal.iptvprivateserver.tv%22%2C+%22mac%22%3A+%2200%3A1A%3A78%3AA2%3A70%3A47%22%2C+%22serial%22%3A+%7B%22custom%22%3A+false%7D%2C+%22password%22%3A+%220000%22%7D&amp;mode=play&amp;logo_url=http%3A%2F%2Fportal.iptvprivateserver.tv%2Fstalker_portal%2Fmisc%2Flogos%2F320%2F675.png&quot;)</favourite>
    <favourite name="BBC America" thumb="http://portal.iptvprivateserver.tv/stalker_portal/misc/logos/320/39.png">PlayMedia(&quot;plugin://plugin.video.stalker/?tmp=1&amp;genre_name=%5B%27Cinema%27%5D&amp;title=BBC+America&amp;cmd=ffrt2+http%3A%2F%2Flocalhost%2Fch%2F184&amp;portal=%7B%22name%22%3A+%22NFPS%22%2C+%22parental%22%3A+%22false%22%2C+%22url%22%3A+%22http%3A%2F%2Fportal.iptvprivateserver.tv%22%2C+%22mac%22%3A+%2200%3A1A%3A78%3AA2%3A70%3A47%22%2C+%22serial%22%3A+%7B%22custom%22%3A+false%7D%2C+%22password%22%3A+%220000%22%7D&amp;mode=play&amp;logo_url=http%3A%2F%2Fportal.iptvprivateserver.tv%2Fstalker_portal%2Fmisc%2Flogos%2F320%2F39.png&quot;)</favourite>
    <favourite name="HBO East" thumb="http://portal.iptvprivateserver.tv/stalker_portal/misc/logos/320/1775.png">PlayMedia(&quot;plugin://plugin.video.stalker/?tmp=1&amp;genre_name=%5B%27Cinema%27%5D&amp;title=HBO+East&amp;cmd=ffrt2+http%3A%2F%2Flocalhost%2Fch%2F4765&amp;portal=%7B%22name%22%3A+%22NFPS%22%2C+%22parental%22%3A+%22false%22%2C+%22url%22%3A+%22http%3A%2F%2Fportal.iptvprivateserver.tv%22%2C+%22mac%22%3A+%2200%3A1A%3A78%3AA2%3A70%3A47%22%2C+%22serial%22%3A+%7B%22custom%22%3A+false%7D%2C+%22password%22%3A+%220000%22%7D&amp;mode=play&amp;logo_url=http%3A%2F%2Fportal.iptvprivateserver.tv%2Fstalker_portal%2Fmisc%2Flogos%2F320%2F1775.png&quot;)</favourite>
    <favourite name="HBO 2 East" thumb="http://portal.iptvprivateserver.tv/stalker_portal/misc/logos/320/28.png">PlayMedia(&quot;plugin://plugin.video.stalker/?tmp=1&amp;genre_name=%5B%27Cinema%27%5D&amp;title=HBO+2+East&amp;cmd=ffrt2+http%3A%2F%2Flocalhost%2Fch%2F216&amp;portal=%7B%22name%22%3A+%22NFPS%22%2C+%22parental%22%3A+%22false%22%2C+%22url%22%3A+%22http%3A%2F%2Fportal.iptvprivateserver.tv%22%2C+%22mac%22%3A+%2200%3A1A%3A78%3AA2%3A70%3A47%22%2C+%22serial%22%3A+%7B%22custom%22%3A+false%7D%2C+%22password%22%3A+%220000%22%7D&amp;mode=play&amp;logo_url=http%3A%2F%2Fportal.iptvprivateserver.tv%2Fstalker_portal%2Fmisc%2Flogos%2F320%2F28.png&quot;)</favourite>
    <favourite name="HBO Signature East" thumb="http://portal.iptvprivateserver.tv/stalker_portal/misc/logos/320/545.png">PlayMedia(&quot;plugin://plugin.video.stalker/?tmp=1&amp;genre_name=%5B%27Cinema%27%5D&amp;title=HBO+Signature+East&amp;cmd=ffrt2+http%3A%2F%2Flocalhost%2Fch%2F959&amp;portal=%7B%22name%22%3A+%22NFPS%22%2C+%22parental%22%3A+%22false%22%2C+%22url%22%3A+%22http%3A%2F%2Fportal.iptvprivateserver.tv%22%2C+%22mac%22%3A+%2200%3A1A%3A78%3AA2%3A70%3A47%22%2C+%22serial%22%3A+%7B%22custom%22%3A+false%7D%2C+%22password%22%3A+%220000%22%7D&amp;mode=play&amp;logo_url=http%3A%2F%2Fportal.iptvprivateserver.tv%2Fstalker_portal%2Fmisc%2Flogos%2F320%2F545.png&quot;)</favourite>
    <favourite name="HBO West" thumb="http://portal.iptvprivateserver.tv/stalker_portal/misc/logos/320/1777.png">PlayMedia(&quot;plugin://plugin.video.stalker/?tmp=1&amp;genre_name=%5B%27Cinema%27%5D&amp;title=HBO+West&amp;cmd=ffrt2+http%3A%2F%2Flocalhost%2Fch%2F4767&amp;portal=%7B%22name%22%3A+%22NFPS%22%2C+%22parental%22%3A+%22false%22%2C+%22url%22%3A+%22http%3A%2F%2Fportal.iptvprivateserver.tv%22%2C+%22mac%22%3A+%2200%3A1A%3A78%3AA2%3A70%3A47%22%2C+%22serial%22%3A+%7B%22custom%22%3A+false%7D%2C+%22password%22%3A+%220000%22%7D&amp;mode=play&amp;logo_url=http%3A%2F%2Fportal.iptvprivateserver.tv%2Fstalker_portal%2Fmisc%2Flogos%2F320%2F1777.png&quot;)</favourite>
    <favourite name="HBO 2 West" thumb="http://portal.iptvprivateserver.tv/stalker_portal/misc/logos/320/665.png">PlayMedia(&quot;plugin://plugin.video.stalker/?tmp=1&amp;genre_name=%5B%27Cinema%27%5D&amp;title=HBO+2+West&amp;cmd=ffrt2+http%3A%2F%2Flocalhost%2Fch%2F1095&amp;portal=%7B%22name%22%3A+%22NFPS%22%2C+%22parental%22%3A+%22false%22%2C+%22url%22%3A+%22http%3A%2F%2Fportal.iptvprivateserver.tv%22%2C+%22mac%22%3A+%2200%3A1A%3A78%3AA2%3A70%3A47%22%2C+%22serial%22%3A+%7B%22custom%22%3A+false%7D%2C+%22password%22%3A+%220000%22%7D&amp;mode=play&amp;logo_url=http%3A%2F%2Fportal.iptvprivateserver.tv%2Fstalker_portal%2Fmisc%2Flogos%2F320%2F665.png&quot;)</favourite>
    <favourite name="HBO Family East" thumb="http://portal.iptvprivateserver.tv/stalker_portal/misc/logos/320/1625.png">PlayMedia(&quot;plugin://plugin.video.stalker/?tmp=1&amp;genre_name=%5B%27Cinema%27%5D&amp;title=HBO+Family+East&amp;cmd=ffrt2+http%3A%2F%2Flocalhost%2Fch%2F4415&amp;portal=%7B%22name%22%3A+%22NFPS%22%2C+%22parental%22%3A+%22false%22%2C+%22url%22%3A+%22http%3A%2F%2Fportal.iptvprivateserver.tv%22%2C+%22mac%22%3A+%2200%3A1A%3A78%3AA2%3A70%3A47%22%2C+%22serial%22%3A+%7B%22custom%22%3A+false%7D%2C+%22password%22%3A+%220000%22%7D&amp;mode=play&amp;logo_url=http%3A%2F%2Fportal.iptvprivateserver.tv%2Fstalker_portal%2Fmisc%2Flogos%2F320%2F1625.png&quot;)</favourite>
    <favourite name="HBO Comedy East" thumb="http://portal.iptvprivateserver.tv/stalker_portal/misc/logos/320/589.png">PlayMedia(&quot;plugin://plugin.video.stalker/?tmp=1&amp;genre_name=%5B%27Cinema%27%5D&amp;title=HBO+Comedy+East&amp;cmd=ffrt2+http%3A%2F%2Flocalhost%2Fch%2F1001&amp;portal=%7B%22name%22%3A+%22NFPS%22%2C+%22parental%22%3A+%22false%22%2C+%22url%22%3A+%22http%3A%2F%2Fportal.iptvprivateserver.tv%22%2C+%22mac%22%3A+%2200%3A1A%3A78%3AA2%3A70%3A47%22%2C+%22serial%22%3A+%7B%22custom%22%3A+false%7D%2C+%22password%22%3A+%220000%22%7D&amp;mode=play&amp;logo_url=http%3A%2F%2Fportal.iptvprivateserver.tv%2Fstalker_portal%2Fmisc%2Flogos%2F320%2F589.png&quot;)</favourite>
    <favourite name="HBO Zone" thumb="http://portal.iptvprivateserver.tv/stalker_portal/misc/logos/320/551.png">PlayMedia(&quot;plugin://plugin.video.stalker/?tmp=0&amp;genre_name=%5B%27Cinema%27%5D&amp;title=HBO+Zone&amp;cmd=ffrt2+http%3A%2F%2Flb.iptvserver.tv%3A8080%2Fredirect%2FLiveEdge%2FHBOZoneUS%2Fplaylist.m3u8&amp;portal=%7B%22name%22%3A+%22NFPS%22%2C+%22parental%22%3A+%22false%22%2C+%22url%22%3A+%22http%3A%2F%2Fportal.iptvprivateserver.tv%22%2C+%22mac%22%3A+%2200%3A1A%3A78%3AA2%3A70%3A47%22%2C+%22serial%22%3A+%7B%22custom%22%3A+false%7D%2C+%22password%22%3A+%220000%22%7D&amp;mode=play&amp;logo_url=http%3A%2F%2Fportal.iptvprivateserver.tv%2Fstalker_portal%2Fmisc%2Flogos%2F320%2F551.png&quot;)</favourite>
    <favourite name="Cinemax East" thumb="http://portal.iptvprivateserver.tv/stalker_portal/misc/logos/320/539.png">PlayMedia(&quot;plugin://plugin.video.stalker/?tmp=1&amp;genre_name=%5B%27Cinema%27%5D&amp;title=Cinemax+East&amp;cmd=ffrt2+http%3A%2F%2Flocalhost%2Fch%2F953&amp;portal=%7B%22name%22%3A+%22NFPS%22%2C+%22parental%22%3A+%22false%22%2C+%22url%22%3A+%22http%3A%2F%2Fportal.iptvprivateserver.tv%22%2C+%22mac%22%3A+%2200%3A1A%3A78%3AA2%3A70%3A47%22%2C+%22serial%22%3A+%7B%22custom%22%3A+false%7D%2C+%22password%22%3A+%220000%22%7D&amp;mode=play&amp;logo_url=http%3A%2F%2Fportal.iptvprivateserver.tv%2Fstalker_portal%2Fmisc%2Flogos%2F320%2F539.png&quot;)</favourite>
    <favourite name="Cinemax West" thumb="http://portal.iptvprivateserver.tv/stalker_portal/misc/logos/320/541.png">PlayMedia(&quot;plugin://plugin.video.stalker/?tmp=1&amp;genre_name=%5B%27Cinema%27%5D&amp;title=Cinemax+West&amp;cmd=ffrt2+http%3A%2F%2Flocalhost%2Fch%2F955&amp;portal=%7B%22name%22%3A+%22NFPS%22%2C+%22parental%22%3A+%22false%22%2C+%22url%22%3A+%22http%3A%2F%2Fportal.iptvprivateserver.tv%22%2C+%22mac%22%3A+%2200%3A1A%3A78%3AA2%3A70%3A47%22%2C+%22serial%22%3A+%7B%22custom%22%3A+false%7D%2C+%22password%22%3A+%220000%22%7D&amp;mode=play&amp;logo_url=http%3A%2F%2Fportal.iptvprivateserver.tv%2Fstalker_portal%2Fmisc%2Flogos%2F320%2F541.png&quot;)</favourite>
    <favourite name="ActionMax East" thumb="http://portal.iptvprivateserver.tv/stalker_portal/misc/logos/320/1199.png">PlayMedia(&quot;plugin://plugin.video.stalker/?tmp=1&amp;genre_name=%5B%27Cinema%27%5D&amp;title=ActionMax+East&amp;cmd=ffrt2+http%3A%2F%2Flocalhost%2Fch%2F2337&amp;portal=%7B%22name%22%3A+%22NFPS%22%2C+%22parental%22%3A+%22false%22%2C+%22url%22%3A+%22http%3A%2F%2Fportal.iptvprivateserver.tv%22%2C+%22mac%22%3A+%2200%3A1A%3A78%3AA2%3A70%3A47%22%2C+%22serial%22%3A+%7B%22custom%22%3A+false%7D%2C+%22password%22%3A+%220000%22%7D&amp;mode=play&amp;logo_url=http%3A%2F%2Fportal.iptvprivateserver.tv%2Fstalker_portal%2Fmisc%2Flogos%2F320%2F1199.png&quot;)</favourite>
    <favourite name="5 StarMax" thumb="http://portal.iptvprivateserver.tv/stalker_portal/misc/logos/320/1875.png">PlayMedia(&quot;plugin://plugin.video.stalker/?tmp=1&amp;genre_name=%5B%27Cinema%27%5D&amp;title=5+StarMax&amp;cmd=ffrt2+http%3A%2F%2Flocalhost%2Fch%2F4895&amp;portal=%7B%22name%22%3A+%22NFPS%22%2C+%22parental%22%3A+%22false%22%2C+%22url%22%3A+%22http%3A%2F%2Fportal.iptvprivateserver.tv%22%2C+%22mac%22%3A+%2200%3A1A%3A78%3AA2%3A70%3A47%22%2C+%22serial%22%3A+%7B%22custom%22%3A+false%7D%2C+%22password%22%3A+%220000%22%7D&amp;mode=play&amp;logo_url=http%3A%2F%2Fportal.iptvprivateserver.tv%2Fstalker_portal%2Fmisc%2Flogos%2F320%2F1875.png&quot;)</favourite>
    <favourite name="ThrillerMax East" thumb="http://portal.iptvprivateserver.tv/stalker_portal/misc/logos/320/1297.png">PlayMedia(&quot;plugin://plugin.video.stalker/?tmp=0&amp;genre_name=%5B%27Cinema%27%5D&amp;title=ThrillerMax+East&amp;cmd=ffrt2+http%3A%2F%2Flb.iptvserver.tv%3A8080%2Fredirect%2FLiveEdge%2FThrillerMaxEasUS%2Fplaylist.m3u8&amp;portal=%7B%22name%22%3A+%22NFPS%22%2C+%22parental%22%3A+%22false%22%2C+%22url%22%3A+%22http%3A%2F%2Fportal.iptvprivateserver.tv%22%2C+%22mac%22%3A+%2200%3A1A%3A78%3AA2%3A70%3A47%22%2C+%22serial%22%3A+%7B%22custom%22%3A+false%7D%2C+%22password%22%3A+%220000%22%7D&amp;mode=play&amp;logo_url=http%3A%2F%2Fportal.iptvprivateserver.tv%2Fstalker_portal%2Fmisc%2Flogos%2F320%2F1297.png&quot;)</favourite>
    <favourite name="Showtime West" thumb="http://portal.iptvprivateserver.tv/stalker_portal/misc/logos/320/555.png">PlayMedia(&quot;plugin://plugin.video.stalker/?tmp=0&amp;genre_name=%5B%27Cinema%27%5D&amp;title=Showtime+West&amp;cmd=ffrt2+http%3A%2F%2Flb.iptvserver.tv%3A8080%2Fredirect%2FLiveEdge%2FShowtimeWestUS%2Fplaylist.m3u8&amp;portal=%7B%22name%22%3A+%22NFPS%22%2C+%22parental%22%3A+%22false%22%2C+%22url%22%3A+%22http%3A%2F%2Fportal.iptvprivateserver.tv%22%2C+%22mac%22%3A+%2200%3A1A%3A78%3AA2%3A70%3A47%22%2C+%22serial%22%3A+%7B%22custom%22%3A+false%7D%2C+%22password%22%3A+%220000%22%7D&amp;mode=play&amp;logo_url=http%3A%2F%2Fportal.iptvprivateserver.tv%2Fstalker_portal%2Fmisc%2Flogos%2F320%2F555.png&quot;)</favourite>
    <favourite name="Showtime 2 East" thumb="http://portal.iptvprivateserver.tv/stalker_portal/misc/logos/320/557.png">PlayMedia(&quot;plugin://plugin.video.stalker/?tmp=1&amp;genre_name=%5B%27Cinema%27%5D&amp;title=Showtime+2+East&amp;cmd=ffrt2+http%3A%2F%2Flocalhost%2Fch%2F971&amp;portal=%7B%22name%22%3A+%22NFPS%22%2C+%22parental%22%3A+%22false%22%2C+%22url%22%3A+%22http%3A%2F%2Fportal.iptvprivateserver.tv%22%2C+%22mac%22%3A+%2200%3A1A%3A78%3AA2%3A70%3A47%22%2C+%22serial%22%3A+%7B%22custom%22%3A+false%7D%2C+%22password%22%3A+%220000%22%7D&amp;mode=play&amp;logo_url=http%3A%2F%2Fportal.iptvprivateserver.tv%2Fstalker_portal%2Fmisc%2Flogos%2F320%2F557.png&quot;)</favourite>
    <favourite name="Showtime Showcase East" thumb="http://portal.iptvprivateserver.tv/stalker_portal/misc/logos/320/659.png">PlayMedia(&quot;plugin://plugin.video.stalker/?tmp=1&amp;genre_name=%5B%27Cinema%27%5D&amp;title=Showtime+Showcase+East&amp;cmd=ffrt2+http%3A%2F%2Flocalhost%2Fch%2F1085&amp;portal=%7B%22name%22%3A+%22NFPS%22%2C+%22parental%22%3A+%22false%22%2C+%22url%22%3A+%22http%3A%2F%2Fportal.iptvprivateserver.tv%22%2C+%22mac%22%3A+%2200%3A1A%3A78%3AA2%3A70%3A47%22%2C+%22serial%22%3A+%7B%22custom%22%3A+false%7D%2C+%22password%22%3A+%220000%22%7D&amp;mode=play&amp;logo_url=http%3A%2F%2Fportal.iptvprivateserver.tv%2Fstalker_portal%2Fmisc%2Flogos%2F320%2F659.png&quot;)</favourite>
    <favourite name="Showtime Extreme East" thumb="http://portal.iptvprivateserver.tv/stalker_portal/misc/logos/320/559.png">PlayMedia(&quot;plugin://plugin.video.stalker/?tmp=1&amp;genre_name=%5B%27Cinema%27%5D&amp;title=Showtime+Extreme+East&amp;cmd=ffrt2+http%3A%2F%2Flocalhost%2Fch%2F973&amp;portal=%7B%22name%22%3A+%22NFPS%22%2C+%22parental%22%3A+%22false%22%2C+%22url%22%3A+%22http%3A%2F%2Fportal.iptvprivateserver.tv%22%2C+%22mac%22%3A+%2200%3A1A%3A78%3AA2%3A70%3A47%22%2C+%22serial%22%3A+%7B%22custom%22%3A+false%7D%2C+%22password%22%3A+%220000%22%7D&amp;mode=play&amp;logo_url=http%3A%2F%2Fportal.iptvprivateserver.tv%2Fstalker_portal%2Fmisc%2Flogos%2F320%2F559.png&quot;)</favourite>
    <favourite name="Showtime Beyond East" thumb="http://portal.iptvprivateserver.tv/stalker_portal/misc/logos/320/561.png">PlayMedia(&quot;plugin://plugin.video.stalker/?tmp=1&amp;genre_name=%5B%27Cinema%27%5D&amp;title=Showtime+Beyond+East&amp;cmd=ffrt2+http%3A%2F%2Flocalhost%2Fch%2F975&amp;portal=%7B%22name%22%3A+%22NFPS%22%2C+%22parental%22%3A+%22false%22%2C+%22url%22%3A+%22http%3A%2F%2Fportal.iptvprivateserver.tv%22%2C+%22mac%22%3A+%2200%3A1A%3A78%3AA2%3A70%3A47%22%2C+%22serial%22%3A+%7B%22custom%22%3A+false%7D%2C+%22password%22%3A+%220000%22%7D&amp;mode=play&amp;logo_url=http%3A%2F%2Fportal.iptvprivateserver.tv%2Fstalker_portal%2Fmisc%2Flogos%2F320%2F561.png&quot;)</favourite>
    <favourite name="Showtime Next" thumb="http://portal.iptvprivateserver.tv/stalker_portal/misc/logos/320/667.png">PlayMedia(&quot;plugin://plugin.video.stalker/?tmp=1&amp;genre_name=%5B%27Cinema%27%5D&amp;title=Showtime+Next&amp;cmd=ffrt2+http%3A%2F%2Flocalhost%2Fch%2F1097&amp;portal=%7B%22name%22%3A+%22NFPS%22%2C+%22parental%22%3A+%22false%22%2C+%22url%22%3A+%22http%3A%2F%2Fportal.iptvprivateserver.tv%22%2C+%22mac%22%3A+%2200%3A1A%3A78%3AA2%3A70%3A47%22%2C+%22serial%22%3A+%7B%22custom%22%3A+false%7D%2C+%22password%22%3A+%220000%22%7D&amp;mode=play&amp;logo_url=http%3A%2F%2Fportal.iptvprivateserver.tv%2Fstalker_portal%2Fmisc%2Flogos%2F320%2F667.png&quot;)</favourite>
    <favourite name="The Movie Channel East" thumb="http://portal.iptvprivateserver.tv/stalker_portal/misc/logos/320/24.png">PlayMedia(&quot;plugin://plugin.video.stalker/?tmp=1&amp;genre_name=%5B%27Cinema%27%5D&amp;title=The+Movie+Channel+East&amp;cmd=ffrt2+http%3A%2F%2Flocalhost%2Fch%2F220&amp;portal=%7B%22name%22%3A+%22NFPS%22%2C+%22parental%22%3A+%22false%22%2C+%22url%22%3A+%22http%3A%2F%2Fportal.iptvprivateserver.tv%22%2C+%22mac%22%3A+%2200%3A1A%3A78%3AA2%3A70%3A47%22%2C+%22serial%22%3A+%7B%22custom%22%3A+false%7D%2C+%22password%22%3A+%220000%22%7D&amp;mode=play&amp;logo_url=http%3A%2F%2Fportal.iptvprivateserver.tv%2Fstalker_portal%2Fmisc%2Flogos%2F320%2F24.png&quot;)</favourite>
    <favourite name="The Movie Channel Xtra East" thumb="http://portal.iptvprivateserver.tv/stalker_portal/misc/logos/320/563.png">PlayMedia(&quot;plugin://plugin.video.stalker/?tmp=1&amp;genre_name=%5B%27Cinema%27%5D&amp;title=The+Movie+Channel+Xtra+East&amp;cmd=ffrt2+http%3A%2F%2Flocalhost%2Fch%2F1009&amp;portal=%7B%22name%22%3A+%22NFPS%22%2C+%22parental%22%3A+%22false%22%2C+%22url%22%3A+%22http%3A%2F%2Fportal.iptvprivateserver.tv%22%2C+%22mac%22%3A+%2200%3A1A%3A78%3AA2%3A70%3A47%22%2C+%22serial%22%3A+%7B%22custom%22%3A+false%7D%2C+%22password%22%3A+%220000%22%7D&amp;mode=play&amp;logo_url=http%3A%2F%2Fportal.iptvprivateserver.tv%2Fstalker_portal%2Fmisc%2Flogos%2F320%2F563.png&quot;)</favourite>
    <favourite name="Encore East" thumb="http://portal.iptvprivateserver.tv/stalker_portal/misc/logos/320/26.png">PlayMedia(&quot;plugin://plugin.video.stalker/?tmp=1&amp;genre_name=%5B%27Cinema%27%5D&amp;title=Encore+East&amp;cmd=ffrt2+http%3A%2F%2Flocalhost%2Fch%2F222&amp;portal=%7B%22name%22%3A+%22NFPS%22%2C+%22parental%22%3A+%22false%22%2C+%22url%22%3A+%22http%3A%2F%2Fportal.iptvprivateserver.tv%22%2C+%22mac%22%3A+%2200%3A1A%3A78%3AA2%3A70%3A47%22%2C+%22serial%22%3A+%7B%22custom%22%3A+false%7D%2C+%22password%22%3A+%220000%22%7D&amp;mode=play&amp;logo_url=http%3A%2F%2Fportal.iptvprivateserver.tv%2Fstalker_portal%2Fmisc%2Flogos%2F320%2F26.png&quot;)</favourite>
    <favourite name="Encore Action East" thumb="http://portal.iptvprivateserver.tv/stalker_portal/misc/logos/320/1877.png">PlayMedia(&quot;plugin://plugin.video.stalker/?tmp=1&amp;genre_name=%5B%27Cinema%27%5D&amp;title=Encore+Action+East&amp;cmd=ffrt2+http%3A%2F%2Flocalhost%2Fch%2F4897&amp;portal=%7B%22name%22%3A+%22NFPS%22%2C+%22parental%22%3A+%22false%22%2C+%22url%22%3A+%22http%3A%2F%2Fportal.iptvprivateserver.tv%22%2C+%22mac%22%3A+%2200%3A1A%3A78%3AA2%3A70%3A47%22%2C+%22serial%22%3A+%7B%22custom%22%3A+false%7D%2C+%22password%22%3A+%220000%22%7D&amp;mode=play&amp;logo_url=http%3A%2F%2Fportal.iptvprivateserver.tv%2Fstalker_portal%2Fmisc%2Flogos%2F320%2F1877.png&quot;)</favourite>
    <favourite name="Starz East" thumb="http://portal.iptvprivateserver.tv/stalker_portal/misc/logos/320/23.png">PlayMedia(&quot;plugin://plugin.video.stalker/?tmp=1&amp;genre_name=%5B%27Cinema%27%5D&amp;title=Starz+East&amp;cmd=ffrt2+http%3A%2F%2Flocalhost%2Fch%2F224&amp;portal=%7B%22name%22%3A+%22NFPS%22%2C+%22parental%22%3A+%22false%22%2C+%22url%22%3A+%22http%3A%2F%2Fportal.iptvprivateserver.tv%22%2C+%22mac%22%3A+%2200%3A1A%3A78%3AA2%3A70%3A47%22%2C+%22serial%22%3A+%7B%22custom%22%3A+false%7D%2C+%22password%22%3A+%220000%22%7D&amp;mode=play&amp;logo_url=http%3A%2F%2Fportal.iptvprivateserver.tv%2Fstalker_portal%2Fmisc%2Flogos%2F320%2F23.png&quot;)</favourite>
    <favourite name="Starz West" thumb="http://portal.iptvprivateserver.tv/stalker_portal/misc/logos/320/569.png">PlayMedia(&quot;plugin://plugin.video.stalker/?tmp=1&amp;genre_name=%5B%27Cinema%27%5D&amp;title=Starz+West&amp;cmd=ffrt2+http%3A%2F%2Flocalhost%2Fch%2F981&amp;portal=%7B%22name%22%3A+%22NFPS%22%2C+%22parental%22%3A+%22false%22%2C+%22url%22%3A+%22http%3A%2F%2Fportal.iptvprivateserver.tv%22%2C+%22mac%22%3A+%2200%3A1A%3A78%3AA2%3A70%3A47%22%2C+%22serial%22%3A+%7B%22custom%22%3A+false%7D%2C+%22password%22%3A+%220000%22%7D&amp;mode=play&amp;logo_url=http%3A%2F%2Fportal.iptvprivateserver.tv%2Fstalker_portal%2Fmisc%2Flogos%2F320%2F569.png&quot;)</favourite>
    <favourite name="Starz Edge East" thumb="http://portal.iptvprivateserver.tv/stalker_portal/misc/logos/320/571.png">PlayMedia(&quot;plugin://plugin.video.stalker/?tmp=1&amp;genre_name=%5B%27Cinema%27%5D&amp;title=Starz+Edge+East&amp;cmd=ffrt2+http%3A%2F%2Flocalhost%2Fch%2F983&amp;portal=%7B%22name%22%3A+%22NFPS%22%2C+%22parental%22%3A+%22false%22%2C+%22url%22%3A+%22http%3A%2F%2Fportal.iptvprivateserver.tv%22%2C+%22mac%22%3A+%2200%3A1A%3A78%3AA2%3A70%3A47%22%2C+%22serial%22%3A+%7B%22custom%22%3A+false%7D%2C+%22password%22%3A+%220000%22%7D&amp;mode=play&amp;logo_url=http%3A%2F%2Fportal.iptvprivateserver.tv%2Fstalker_portal%2Fmisc%2Flogos%2F320%2F571.png&quot;)</favourite>
    <favourite name="Starz Cinema East" thumb="http://portal.iptvprivateserver.tv/stalker_portal/misc/logos/320/573.png">PlayMedia(&quot;plugin://plugin.video.stalker/?tmp=1&amp;genre_name=%5B%27Cinema%27%5D&amp;title=Starz+Cinema+East&amp;cmd=ffrt2+http%3A%2F%2Flocalhost%2Fch%2F985&amp;portal=%7B%22name%22%3A+%22NFPS%22%2C+%22parental%22%3A+%22false%22%2C+%22url%22%3A+%22http%3A%2F%2Fportal.iptvprivateserver.tv%22%2C+%22mac%22%3A+%2200%3A1A%3A78%3AA2%3A70%3A47%22%2C+%22serial%22%3A+%7B%22custom%22%3A+false%7D%2C+%22password%22%3A+%220000%22%7D&amp;mode=play&amp;logo_url=http%3A%2F%2Fportal.iptvprivateserver.tv%2Fstalker_portal%2Fmisc%2Flogos%2F320%2F573.png&quot;)</favourite>
    <favourite name="Starz Comedy East" thumb="http://portal.iptvprivateserver.tv/stalker_portal/misc/logos/320/575.png">PlayMedia(&quot;plugin://plugin.video.stalker/?tmp=1&amp;genre_name=%5B%27Cinema%27%5D&amp;title=Starz+Comedy+East&amp;cmd=ffrt2+http%3A%2F%2Flocalhost%2Fch%2F987&amp;portal=%7B%22name%22%3A+%22NFPS%22%2C+%22parental%22%3A+%22false%22%2C+%22url%22%3A+%22http%3A%2F%2Fportal.iptvprivateserver.tv%22%2C+%22mac%22%3A+%2200%3A1A%3A78%3AA2%3A70%3A47%22%2C+%22serial%22%3A+%7B%22custom%22%3A+false%7D%2C+%22password%22%3A+%220000%22%7D&amp;mode=play&amp;logo_url=http%3A%2F%2Fportal.iptvprivateserver.tv%2Fstalker_portal%2Fmisc%2Flogos%2F320%2F575.png&quot;)</favourite>
    <favourite name="Starz In Black East" thumb="http://portal.iptvprivateserver.tv/stalker_portal/misc/logos/320/577.png">PlayMedia(&quot;plugin://plugin.video.stalker/?tmp=1&amp;genre_name=%5B%27Cinema%27%5D&amp;title=Starz+In+Black+East&amp;cmd=ffrt2+http%3A%2F%2Flocalhost%2Fch%2F989&amp;portal=%7B%22name%22%3A+%22NFPS%22%2C+%22parental%22%3A+%22false%22%2C+%22url%22%3A+%22http%3A%2F%2Fportal.iptvprivateserver.tv%22%2C+%22mac%22%3A+%2200%3A1A%3A78%3AA2%3A70%3A47%22%2C+%22serial%22%3A+%7B%22custom%22%3A+false%7D%2C+%22password%22%3A+%220000%22%7D&amp;mode=play&amp;logo_url=http%3A%2F%2Fportal.iptvprivateserver.tv%2Fstalker_portal%2Fmisc%2Flogos%2F320%2F577.png&quot;)</favourite>
    <favourite name="Starz Kids &amp; Family East" thumb="http://portal.iptvprivateserver.tv/stalker_portal/misc/logos/320/669.png">PlayMedia(&quot;plugin://plugin.video.stalker/?tmp=1&amp;genre_name=%5B%27Cinema%27%5D&amp;title=Starz+Kids+%26+Family+East&amp;cmd=ffrt2+http%3A%2F%2Flocalhost%2Fch%2F1099&amp;portal=%7B%22name%22%3A+%22NFPS%22%2C+%22parental%22%3A+%22false%22%2C+%22url%22%3A+%22http%3A%2F%2Fportal.iptvprivateserver.tv%22%2C+%22mac%22%3A+%2200%3A1A%3A78%3AA2%3A70%3A47%22%2C+%22serial%22%3A+%7B%22custom%22%3A+false%7D%2C+%22password%22%3A+%220000%22%7D&amp;mode=play&amp;logo_url=http%3A%2F%2Fportal.iptvprivateserver.tv%2Fstalker_portal%2Fmisc%2Flogos%2F320%2F669.png&quot;)</favourite>
    <favourite name="SKY Premiere" thumb="http://portal.iptvprivateserver.tv/stalker_portal/misc/logos/320/66.png">PlayMedia(&quot;plugin://plugin.video.stalker/?tmp=1&amp;genre_name=%5B%27Cinema%27%5D&amp;title=SKY+Premiere&amp;cmd=ffrt2+http%3A%2F%2Flocalhost%2Fch%2F521&amp;portal=%7B%22name%22%3A+%22NFPS%22%2C+%22parental%22%3A+%22false%22%2C+%22url%22%3A+%22http%3A%2F%2Fportal.iptvprivateserver.tv%22%2C+%22mac%22%3A+%2200%3A1A%3A78%3AA2%3A70%3A47%22%2C+%22serial%22%3A+%7B%22custom%22%3A+false%7D%2C+%22password%22%3A+%220000%22%7D&amp;mode=play&amp;logo_url=http%3A%2F%2Fportal.iptvprivateserver.tv%2Fstalker_portal%2Fmisc%2Flogos%2F320%2F66.png&quot;)</favourite>
    <favourite name="SKY Modern Greats" thumb="http://portal.iptvprivateserver.tv/stalker_portal/misc/logos/320/257.png">PlayMedia(&quot;plugin://plugin.video.stalker/?tmp=1&amp;genre_name=%5B%27Cinema%27%5D&amp;title=SKY+Modern+Greats&amp;cmd=ffrt2+http%3A%2F%2Flocalhost%2Fch%2F3301&amp;portal=%7B%22name%22%3A+%22NFPS%22%2C+%22parental%22%3A+%22false%22%2C+%22url%22%3A+%22http%3A%2F%2Fportal.iptvprivateserver.tv%22%2C+%22mac%22%3A+%2200%3A1A%3A78%3AA2%3A70%3A47%22%2C+%22serial%22%3A+%7B%22custom%22%3A+false%7D%2C+%22password%22%3A+%220000%22%7D&amp;mode=play&amp;logo_url=http%3A%2F%2Fportal.iptvprivateserver.tv%2Fstalker_portal%2Fmisc%2Flogos%2F320%2F257.png&quot;)</favourite>
    <favourite name="SKY Family" thumb="http://portal.iptvprivateserver.tv/stalker_portal/misc/logos/320/70.png">PlayMedia(&quot;plugin://plugin.video.stalker/?tmp=1&amp;genre_name=%5B%27Cinema%27%5D&amp;title=SKY+Family&amp;cmd=ffrt2+http%3A%2F%2Flocalhost%2Fch%2F525&amp;portal=%7B%22name%22%3A+%22NFPS%22%2C+%22parental%22%3A+%22false%22%2C+%22url%22%3A+%22http%3A%2F%2Fportal.iptvprivateserver.tv%22%2C+%22mac%22%3A+%2200%3A1A%3A78%3AA2%3A70%3A47%22%2C+%22serial%22%3A+%7B%22custom%22%3A+false%7D%2C+%22password%22%3A+%220000%22%7D&amp;mode=play&amp;logo_url=http%3A%2F%2Fportal.iptvprivateserver.tv%2Fstalker_portal%2Fmisc%2Flogos%2F320%2F70.png&quot;)</favourite>
    <favourite name="SKY Action &amp; Adventure" thumb="http://portal.iptvprivateserver.tv/stalker_portal/misc/logos/320/72.png">PlayMedia(&quot;plugin://plugin.video.stalker/?tmp=1&amp;genre_name=%5B%27Cinema%27%5D&amp;title=SKY+Action+%26+Adventure&amp;cmd=ffrt2+http%3A%2F%2Flocalhost%2Fch%2F527&amp;portal=%7B%22name%22%3A+%22NFPS%22%2C+%22parental%22%3A+%22false%22%2C+%22url%22%3A+%22http%3A%2F%2Fportal.iptvprivateserver.tv%22%2C+%22mac%22%3A+%2200%3A1A%3A78%3AA2%3A70%3A47%22%2C+%22serial%22%3A+%7B%22custom%22%3A+false%7D%2C+%22password%22%3A+%220000%22%7D&amp;mode=play&amp;logo_url=http%3A%2F%2Fportal.iptvprivateserver.tv%2Fstalker_portal%2Fmisc%2Flogos%2F320%2F72.png&quot;)</favourite>
    <favourite name="SKY Comedy" thumb="http://portal.iptvprivateserver.tv/stalker_portal/misc/logos/320/74.png">PlayMedia(&quot;plugin://plugin.video.stalker/?tmp=1&amp;genre_name=%5B%27Cinema%27%5D&amp;title=SKY+Comedy&amp;cmd=ffrt2+http%3A%2F%2Flocalhost%2Fch%2F529&amp;portal=%7B%22name%22%3A+%22NFPS%22%2C+%22parental%22%3A+%22false%22%2C+%22url%22%3A+%22http%3A%2F%2Fportal.iptvprivateserver.tv%22%2C+%22mac%22%3A+%2200%3A1A%3A78%3AA2%3A70%3A47%22%2C+%22serial%22%3A+%7B%22custom%22%3A+false%7D%2C+%22password%22%3A+%220000%22%7D&amp;mode=play&amp;logo_url=http%3A%2F%2Fportal.iptvprivateserver.tv%2Fstalker_portal%2Fmisc%2Flogos%2F320%2F74.png&quot;)</favourite>
    <favourite name="SKY Crime &amp; Thriller" thumb="http://portal.iptvprivateserver.tv/stalker_portal/misc/logos/320/76.png">PlayMedia(&quot;plugin://plugin.video.stalker/?tmp=1&amp;genre_name=%5B%27Cinema%27%5D&amp;title=SKY+Crime+%26+Thriller&amp;cmd=ffrt2+http%3A%2F%2Flocalhost%2Fch%2F531&amp;portal=%7B%22name%22%3A+%22NFPS%22%2C+%22parental%22%3A+%22false%22%2C+%22url%22%3A+%22http%3A%2F%2Fportal.iptvprivateserver.tv%22%2C+%22mac%22%3A+%2200%3A1A%3A78%3AA2%3A70%3A47%22%2C+%22serial%22%3A+%7B%22custom%22%3A+false%7D%2C+%22password%22%3A+%220000%22%7D&amp;mode=play&amp;logo_url=http%3A%2F%2Fportal.iptvprivateserver.tv%2Fstalker_portal%2Fmisc%2Flogos%2F320%2F76.png&quot;)</favourite>
    <favourite name="SKY Movies Drama" thumb="http://portal.iptvprivateserver.tv/stalker_portal/misc/logos/320/259.png">PlayMedia(&quot;plugin://plugin.video.stalker/?tmp=1&amp;genre_name=%5B%27Cinema%27%5D&amp;title=SKY+Movies+Drama&amp;cmd=ffrt2+http%3A%2F%2Flocalhost%2Fch%2F545&amp;portal=%7B%22name%22%3A+%22NFPS%22%2C+%22parental%22%3A+%22false%22%2C+%22url%22%3A+%22http%3A%2F%2Fportal.iptvprivateserver.tv%22%2C+%22mac%22%3A+%2200%3A1A%3A78%3AA2%3A70%3A47%22%2C+%22serial%22%3A+%7B%22custom%22%3A+false%7D%2C+%22password%22%3A+%220000%22%7D&amp;mode=play&amp;logo_url=http%3A%2F%2Fportal.iptvprivateserver.tv%2Fstalker_portal%2Fmisc%2Flogos%2F320%2F259.png&quot;)</favourite>
    <favourite name="SKY Scifi &amp; Horror" thumb="http://portal.iptvprivateserver.tv/stalker_portal/misc/logos/320/78.png">PlayMedia(&quot;plugin://plugin.video.stalker/?tmp=1&amp;genre_name=%5B%27Cinema%27%5D&amp;title=SKY+Scifi+%26+Horror&amp;cmd=ffrt2+http%3A%2F%2Flocalhost%2Fch%2F533&amp;portal=%7B%22name%22%3A+%22NFPS%22%2C+%22parental%22%3A+%22false%22%2C+%22url%22%3A+%22http%3A%2F%2Fportal.iptvprivateserver.tv%22%2C+%22mac%22%3A+%2200%3A1A%3A78%3AA2%3A70%3A47%22%2C+%22serial%22%3A+%7B%22custom%22%3A+false%7D%2C+%22password%22%3A+%220000%22%7D&amp;mode=play&amp;logo_url=http%3A%2F%2Fportal.iptvprivateserver.tv%2Fstalker_portal%2Fmisc%2Flogos%2F320%2F78.png&quot;)</favourite>
    <favourite name="SKY Select" thumb="http://portal.iptvprivateserver.tv/stalker_portal/misc/logos/320/80.png">PlayMedia(&quot;plugin://plugin.video.stalker/?tmp=1&amp;genre_name=%5B%27Cinema%27%5D&amp;title=SKY+Select&amp;cmd=ffrt2+http%3A%2F%2Flocalhost%2Fch%2F535&amp;portal=%7B%22name%22%3A+%22NFPS%22%2C+%22parental%22%3A+%22false%22%2C+%22url%22%3A+%22http%3A%2F%2Fportal.iptvprivateserver.tv%22%2C+%22mac%22%3A+%2200%3A1A%3A78%3AA2%3A70%3A47%22%2C+%22serial%22%3A+%7B%22custom%22%3A+false%7D%2C+%22password%22%3A+%220000%22%7D&amp;mode=play&amp;logo_url=http%3A%2F%2Fportal.iptvprivateserver.tv%2Fstalker_portal%2Fmisc%2Flogos%2F320%2F80.png&quot;)</favourite>
    <favourite name="True Movies 1" thumb="http://portal.iptvprivateserver.tv/stalker_portal/misc/logos/320/443.png">PlayMedia(&quot;plugin://plugin.video.stalker/?tmp=1&amp;genre_name=%5B%27Cinema%27%5D&amp;title=True+Movies+1&amp;cmd=ffrt2+http%3A%2F%2Flocalhost%2Fch%2F2453&amp;portal=%7B%22name%22%3A+%22NFPS%22%2C+%22parental%22%3A+%22false%22%2C+%22url%22%3A+%22http%3A%2F%2Fportal.iptvprivateserver.tv%22%2C+%22mac%22%3A+%2200%3A1A%3A78%3AA2%3A70%3A47%22%2C+%22serial%22%3A+%7B%22custom%22%3A+false%7D%2C+%22password%22%3A+%220000%22%7D&amp;mode=play&amp;logo_url=http%3A%2F%2Fportal.iptvprivateserver.tv%2Fstalker_portal%2Fmisc%2Flogos%2F320%2F443.png&quot;)</favourite>
    <favourite name="True Movies 2" thumb="http://portal.iptvprivateserver.tv/stalker_portal/misc/logos/320/261.png">PlayMedia(&quot;plugin://plugin.video.stalker/?tmp=1&amp;genre_name=%5B%27Cinema%27%5D&amp;title=True+Movies+2&amp;cmd=ffrt2+http%3A%2F%2Flocalhost%2Fch%2F2455&amp;portal=%7B%22name%22%3A+%22NFPS%22%2C+%22parental%22%3A+%22false%22%2C+%22url%22%3A+%22http%3A%2F%2Fportal.iptvprivateserver.tv%22%2C+%22mac%22%3A+%2200%3A1A%3A78%3AA2%3A70%3A47%22%2C+%22serial%22%3A+%7B%22custom%22%3A+false%7D%2C+%22password%22%3A+%220000%22%7D&amp;mode=play&amp;logo_url=http%3A%2F%2Fportal.iptvprivateserver.tv%2Fstalker_portal%2Fmisc%2Flogos%2F320%2F261.png&quot;)</favourite>
    <favourite name="Movies 24" thumb="http://portal.iptvprivateserver.tv/stalker_portal/misc/logos/320/263.png">PlayMedia(&quot;plugin://plugin.video.stalker/?tmp=1&amp;genre_name=%5B%27Cinema%27%5D&amp;title=Movies+24&amp;cmd=ffrt2+http%3A%2F%2Flocalhost%2Fch%2F549&amp;portal=%7B%22name%22%3A+%22NFPS%22%2C+%22parental%22%3A+%22false%22%2C+%22url%22%3A+%22http%3A%2F%2Fportal.iptvprivateserver.tv%22%2C+%22mac%22%3A+%2200%3A1A%3A78%3AA2%3A70%3A47%22%2C+%22serial%22%3A+%7B%22custom%22%3A+false%7D%2C+%22password%22%3A+%220000%22%7D&amp;mode=play&amp;logo_url=http%3A%2F%2Fportal.iptvprivateserver.tv%2Fstalker_portal%2Fmisc%2Flogos%2F320%2F263.png&quot;)</favourite>
    <favourite name="Film 4" thumb="http://portal.iptvprivateserver.tv/stalker_portal/misc/logos/320/253.png">PlayMedia(&quot;plugin://plugin.video.stalker/?tmp=1&amp;genre_name=%5B%27Cinema%27%5D&amp;title=Film+4&amp;cmd=ffrt2+http%3A%2F%2Flocalhost%2Fch%2F497&amp;portal=%7B%22name%22%3A+%22NFPS%22%2C+%22parental%22%3A+%22false%22%2C+%22url%22%3A+%22http%3A%2F%2Fportal.iptvprivateserver.tv%22%2C+%22mac%22%3A+%2200%3A1A%3A78%3AA2%3A70%3A47%22%2C+%22serial%22%3A+%7B%22custom%22%3A+false%7D%2C+%22password%22%3A+%220000%22%7D&amp;mode=play&amp;logo_url=http%3A%2F%2Fportal.iptvprivateserver.tv%2Fstalker_portal%2Fmisc%2Flogos%2F320%2F253.png&quot;)</favourite>
    <favourite name="Hallmark Movie Channel" thumb="http://portal.iptvprivateserver.tv/stalker_portal/misc/logos/320/581.png">PlayMedia(&quot;plugin://plugin.video.stalker/?tmp=1&amp;genre_name=%5B%27Cinema%27%5D&amp;title=Hallmark+Movie+Channel&amp;cmd=ffrt2+http%3A%2F%2Flocalhost%2Fch%2F1005&amp;portal=%7B%22name%22%3A+%22NFPS%22%2C+%22parental%22%3A+%22false%22%2C+%22url%22%3A+%22http%3A%2F%2Fportal.iptvprivateserver.tv%22%2C+%22mac%22%3A+%2200%3A1A%3A78%3AA2%3A70%3A47%22%2C+%22serial%22%3A+%7B%22custom%22%3A+false%7D%2C+%22password%22%3A+%220000%22%7D&amp;mode=play&amp;logo_url=http%3A%2F%2Fportal.iptvprivateserver.tv%2Fstalker_portal%2Fmisc%2Flogos%2F320%2F581.png&quot;)</favourite>
    <favourite name="Sony Movie Channel USA" thumb="http://portal.iptvprivateserver.tv/stalker_portal/misc/logos/320/671.png">PlayMedia(&quot;plugin://plugin.video.stalker/?tmp=1&amp;genre_name=%5B%27Cinema%27%5D&amp;title=Sony+Movie+Channel+USA&amp;cmd=ffrt2+http%3A%2F%2Flocalhost%2Fch%2F1101&amp;portal=%7B%22name%22%3A+%22NFPS%22%2C+%22parental%22%3A+%22false%22%2C+%22url%22%3A+%22http%3A%2F%2Fportal.iptvprivateserver.tv%22%2C+%22mac%22%3A+%2200%3A1A%3A78%3AA2%3A70%3A47%22%2C+%22serial%22%3A+%7B%22custom%22%3A+false%7D%2C+%22password%22%3A+%220000%22%7D&amp;mode=play&amp;logo_url=http%3A%2F%2Fportal.iptvprivateserver.tv%2Fstalker_portal%2Fmisc%2Flogos%2F320%2F671.png&quot;)</favourite>
    <favourite name="Universal Channel America Latina" thumb="http://portal.iptvprivateserver.tv/stalker_portal/misc/logos/320/209.png">PlayMedia(&quot;plugin://plugin.video.stalker/?tmp=1&amp;genre_name=%5B%27Cinema%27%5D&amp;title=Universal+Channel+America+Latina&amp;cmd=ffrt2+http%3A%2F%2Flocalhost%2Fch%2F387&amp;portal=%7B%22name%22%3A+%22NFPS%22%2C+%22parental%22%3A+%22false%22%2C+%22url%22%3A+%22http%3A%2F%2Fportal.iptvprivateserver.tv%22%2C+%22mac%22%3A+%2200%3A1A%3A78%3AA2%3A70%3A47%22%2C+%22serial%22%3A+%7B%22custom%22%3A+false%7D%2C+%22password%22%3A+%220000%22%7D&amp;mode=play&amp;logo_url=http%3A%2F%2Fportal.iptvprivateserver.tv%2Fstalker_portal%2Fmisc%2Flogos%2F320%2F209.png&quot;)</favourite>
    <favourite name="Cine Dinamita" thumb="http://portal.iptvprivateserver.tv/stalker_portal/misc/logos/320/873.png">PlayMedia(&quot;plugin://plugin.video.stalker/?tmp=1&amp;genre_name=%5B%27Cinema%27%5D&amp;title=Cine+Dinamita&amp;cmd=ffrt2+http%3A%2F%2Flocalhost%2Fch%2F3465&amp;portal=%7B%22name%22%3A+%22NFPS%22%2C+%22parental%22%3A+%22false%22%2C+%22url%22%3A+%22http%3A%2F%2Fportal.iptvprivateserver.tv%22%2C+%22mac%22%3A+%2200%3A1A%3A78%3AA2%3A70%3A47%22%2C+%22serial%22%3A+%7B%22custom%22%3A+false%7D%2C+%22password%22%3A+%220000%22%7D&amp;mode=play&amp;logo_url=http%3A%2F%2Fportal.iptvprivateserver.tv%2Fstalker_portal%2Fmisc%2Flogos%2F320%2F873.png&quot;)</favourite>
    <favourite name="CineLatino" thumb="http://portal.iptvprivateserver.tv/stalker_portal/misc/logos/320/221.png">PlayMedia(&quot;plugin://plugin.video.stalker/?tmp=1&amp;genre_name=%5B%27Cinema%27%5D&amp;title=CineLatino&amp;cmd=ffrt2+http%3A%2F%2Flocalhost%2Fch%2F477&amp;portal=%7B%22name%22%3A+%22NFPS%22%2C+%22parental%22%3A+%22false%22%2C+%22url%22%3A+%22http%3A%2F%2Fportal.iptvprivateserver.tv%22%2C+%22mac%22%3A+%2200%3A1A%3A78%3AA2%3A70%3A47%22%2C+%22serial%22%3A+%7B%22custom%22%3A+false%7D%2C+%22password%22%3A+%220000%22%7D&amp;mode=play&amp;logo_url=http%3A%2F%2Fportal.iptvprivateserver.tv%2Fstalker_portal%2Fmisc%2Flogos%2F320%2F221.png&quot;)</favourite>
    <favourite name="Golden" thumb="http://portal.iptvprivateserver.tv/stalker_portal/misc/logos/320/36.png">PlayMedia(&quot;plugin://plugin.video.stalker/?tmp=1&amp;genre_name=%5B%27Cinema%27%5D&amp;title=Golden&amp;cmd=ffrt2+http%3A%2F%2Flocalhost%2Fch%2F264&amp;portal=%7B%22name%22%3A+%22NFPS%22%2C+%22parental%22%3A+%22false%22%2C+%22url%22%3A+%22http%3A%2F%2Fportal.iptvprivateserver.tv%22%2C+%22mac%22%3A+%2200%3A1A%3A78%3AA2%3A70%3A47%22%2C+%22serial%22%3A+%7B%22custom%22%3A+false%7D%2C+%22password%22%3A+%220000%22%7D&amp;mode=play&amp;logo_url=http%3A%2F%2Fportal.iptvprivateserver.tv%2Fstalker_portal%2Fmisc%2Flogos%2F320%2F36.png&quot;)</favourite>
    <favourite name="Golden Edge" thumb="http://portal.iptvprivateserver.tv/stalker_portal/misc/logos/320/851.png">PlayMedia(&quot;plugin://plugin.video.stalker/?tmp=1&amp;genre_name=%5B%27Cinema%27%5D&amp;title=Golden+Edge&amp;cmd=ffrt2+http%3A%2F%2Flocalhost%2Fch%2F1465&amp;portal=%7B%22name%22%3A+%22NFPS%22%2C+%22parental%22%3A+%22false%22%2C+%22url%22%3A+%22http%3A%2F%2Fportal.iptvprivateserver.tv%22%2C+%22mac%22%3A+%2200%3A1A%3A78%3AA2%3A70%3A47%22%2C+%22serial%22%3A+%7B%22custom%22%3A+false%7D%2C+%22password%22%3A+%220000%22%7D&amp;mode=play&amp;logo_url=http%3A%2F%2Fportal.iptvprivateserver.tv%2Fstalker_portal%2Fmisc%2Flogos%2F320%2F851.png&quot;)</favourite>
    <favourite name="Golden Multiplex" thumb="http://portal.iptvprivateserver.tv/stalker_portal/misc/logos/320/615.png">PlayMedia(&quot;plugin://plugin.video.stalker/?tmp=1&amp;genre_name=%5B%27Cinema%27%5D&amp;title=Golden+Multiplex&amp;cmd=ffrt2+http%3A%2F%2Flocalhost%2Fch%2F1035&amp;portal=%7B%22name%22%3A+%22NFPS%22%2C+%22parental%22%3A+%22false%22%2C+%22url%22%3A+%22http%3A%2F%2Fportal.iptvprivateserver.tv%22%2C+%22mac%22%3A+%2200%3A1A%3A78%3AA2%3A70%3A47%22%2C+%22serial%22%3A+%7B%22custom%22%3A+false%7D%2C+%22password%22%3A+%220000%22%7D&amp;mode=play&amp;logo_url=http%3A%2F%2Fportal.iptvprivateserver.tv%2Fstalker_portal%2Fmisc%2Flogos%2F320%2F615.png&quot;)</favourite>
    <favourite name="Sundance Channel Latinoamerica" thumb="http://portal.iptvprivateserver.tv/stalker_portal/misc/logos/320/621.png">PlayMedia(&quot;plugin://plugin.video.stalker/?tmp=1&amp;genre_name=%5B%27Cinema%27%5D&amp;title=Sundance+Channel+Latinoamerica&amp;cmd=ffrt2+http%3A%2F%2Flocalhost%2Fch%2F1041&amp;portal=%7B%22name%22%3A+%22NFPS%22%2C+%22parental%22%3A+%22false%22%2C+%22url%22%3A+%22http%3A%2F%2Fportal.iptvprivateserver.tv%22%2C+%22mac%22%3A+%2200%3A1A%3A78%3AA2%3A70%3A47%22%2C+%22serial%22%3A+%7B%22custom%22%3A+false%7D%2C+%22password%22%3A+%220000%22%7D&amp;mode=play&amp;logo_url=http%3A%2F%2Fportal.iptvprivateserver.tv%2Fstalker_portal%2Fmisc%2Flogos%2F320%2F621.png&quot;)</favourite>
    <favourite name="CineCanal" thumb="http://portal.iptvprivateserver.tv/stalker_portal/misc/logos/320/841.png">PlayMedia(&quot;plugin://plugin.video.stalker/?tmp=1&amp;genre_name=%5B%27Cinema%27%5D&amp;title=CineCanal&amp;cmd=ffrt2+http%3A%2F%2Flocalhost%2Fch%2F2495&amp;portal=%7B%22name%22%3A+%22NFPS%22%2C+%22parental%22%3A+%22false%22%2C+%22url%22%3A+%22http%3A%2F%2Fportal.iptvprivateserver.tv%22%2C+%22mac%22%3A+%2200%3A1A%3A78%3AA2%3A70%3A47%22%2C+%22serial%22%3A+%7B%22custom%22%3A+false%7D%2C+%22password%22%3A+%220000%22%7D&amp;mode=play&amp;logo_url=http%3A%2F%2Fportal.iptvprivateserver.tv%2Fstalker_portal%2Fmisc%2Flogos%2F320%2F841.png&quot;)</favourite>
    <favourite name="Cinemax Latinoamerica" thumb="http://portal.iptvprivateserver.tv/stalker_portal/misc/logos/320/165.png">PlayMedia(&quot;plugin://plugin.video.stalker/?tmp=1&amp;genre_name=%5B%27Cinema%27%5D&amp;title=Cinemax+Latinoamerica&amp;cmd=ffrt2+http%3A%2F%2Flocalhost%2Fch%2F343&amp;portal=%7B%22name%22%3A+%22NFPS%22%2C+%22parental%22%3A+%22false%22%2C+%22url%22%3A+%22http%3A%2F%2Fportal.iptvprivateserver.tv%22%2C+%22mac%22%3A+%2200%3A1A%3A78%3AA2%3A70%3A47%22%2C+%22serial%22%3A+%7B%22custom%22%3A+false%7D%2C+%22password%22%3A+%220000%22%7D&amp;mode=play&amp;logo_url=http%3A%2F%2Fportal.iptvprivateserver.tv%2Fstalker_portal%2Fmisc%2Flogos%2F320%2F165.png&quot;)</favourite>
    <favourite name="SPACE" thumb="http://portal.iptvprivateserver.tv/stalker_portal/misc/logos/320/835.png">PlayMedia(&quot;plugin://plugin.video.stalker/?tmp=1&amp;genre_name=%5B%27Cinema%27%5D&amp;title=SPACE&amp;cmd=ffrt2+http%3A%2F%2Flocalhost%2Fch%2F2489&amp;portal=%7B%22name%22%3A+%22NFPS%22%2C+%22parental%22%3A+%22false%22%2C+%22url%22%3A+%22http%3A%2F%2Fportal.iptvprivateserver.tv%22%2C+%22mac%22%3A+%2200%3A1A%3A78%3AA2%3A70%3A47%22%2C+%22serial%22%3A+%7B%22custom%22%3A+false%7D%2C+%22password%22%3A+%220000%22%7D&amp;mode=play&amp;logo_url=http%3A%2F%2Fportal.iptvprivateserver.tv%2Fstalker_portal%2Fmisc%2Flogos%2F320%2F835.png&quot;)</favourite>
    <favourite name="AMC" thumb="http://portal.iptvprivateserver.tv/stalker_portal/misc/logos/320/229.png">PlayMedia(&quot;plugin://plugin.video.stalker/?tmp=1&amp;genre_name=%5B%27Cinema%27%5D&amp;title=AMC&amp;cmd=ffrt2+http%3A%2F%2Flocalhost%2Fch%2F485&amp;portal=%7B%22name%22%3A+%22NFPS%22%2C+%22parental%22%3A+%22false%22%2C+%22url%22%3A+%22http%3A%2F%2Fportal.iptvprivateserver.tv%22%2C+%22mac%22%3A+%2200%3A1A%3A78%3AA2%3A70%3A47%22%2C+%22serial%22%3A+%7B%22custom%22%3A+false%7D%2C+%22password%22%3A+%220000%22%7D&amp;mode=play&amp;logo_url=http%3A%2F%2Fportal.iptvprivateserver.tv%2Fstalker_portal%2Fmisc%2Flogos%2F320%2F229.png&quot;)</favourite>
    <favourite name="Studio Universal" thumb="http://portal.iptvprivateserver.tv/stalker_portal/misc/logos/320/167.png">PlayMedia(&quot;plugin://plugin.video.stalker/?tmp=1&amp;genre_name=%5B%27Cinema%27%5D&amp;title=Studio+Universal&amp;cmd=ffrt2+http%3A%2F%2Flocalhost%2Fch%2F345&amp;portal=%7B%22name%22%3A+%22NFPS%22%2C+%22parental%22%3A+%22false%22%2C+%22url%22%3A+%22http%3A%2F%2Fportal.iptvprivateserver.tv%22%2C+%22mac%22%3A+%2200%3A1A%3A78%3AA2%3A70%3A47%22%2C+%22serial%22%3A+%7B%22custom%22%3A+false%7D%2C+%22password%22%3A+%220000%22%7D&amp;mode=play&amp;logo_url=http%3A%2F%2Fportal.iptvprivateserver.tv%2Fstalker_portal%2Fmisc%2Flogos%2F320%2F167.png&quot;)</favourite>
    <favourite name="TCM America Latina" thumb="http://portal.iptvprivateserver.tv/stalker_portal/misc/logos/320/225.png">PlayMedia(&quot;plugin://plugin.video.stalker/?tmp=1&amp;genre_name=%5B%27Cinema%27%5D&amp;title=TCM+America+Latina&amp;cmd=ffrt2+http%3A%2F%2Flocalhost%2Fch%2F481&amp;portal=%7B%22name%22%3A+%22NFPS%22%2C+%22parental%22%3A+%22false%22%2C+%22url%22%3A+%22http%3A%2F%2Fportal.iptvprivateserver.tv%22%2C+%22mac%22%3A+%2200%3A1A%3A78%3AA2%3A70%3A47%22%2C+%22serial%22%3A+%7B%22custom%22%3A+false%7D%2C+%22password%22%3A+%220000%22%7D&amp;mode=play&amp;logo_url=http%3A%2F%2Fportal.iptvprivateserver.tv%2Fstalker_portal%2Fmisc%2Flogos%2F320%2F225.png&quot;)</favourite>
    <favourite name="I-Sat" thumb="http://portal.iptvprivateserver.tv/stalker_portal/misc/logos/320/947.png">PlayMedia(&quot;plugin://plugin.video.stalker/?tmp=1&amp;genre_name=%5B%27Cinema%27%5D&amp;title=I-Sat&amp;cmd=ffrt2+http%3A%2F%2Flocalhost%2Fch%2F1703&amp;portal=%7B%22name%22%3A+%22NFPS%22%2C+%22parental%22%3A+%22false%22%2C+%22url%22%3A+%22http%3A%2F%2Fportal.iptvprivateserver.tv%22%2C+%22mac%22%3A+%2200%3A1A%3A78%3AA2%3A70%3A47%22%2C+%22serial%22%3A+%7B%22custom%22%3A+false%7D%2C+%22password%22%3A+%220000%22%7D&amp;mode=play&amp;logo_url=http%3A%2F%2Fportal.iptvprivateserver.tv%2Fstalker_portal%2Fmisc%2Flogos%2F320%2F947.png&quot;)</favourite>
    <favourite name="Europa Europa" thumb="http://portal.iptvprivateserver.tv/stalker_portal/misc/logos/320/941.png">PlayMedia(&quot;plugin://plugin.video.stalker/?tmp=1&amp;genre_name=%5B%27Cinema%27%5D&amp;title=Europa+Europa&amp;cmd=ffrt2+http%3A%2F%2Flocalhost%2Fch%2F1597&amp;portal=%7B%22name%22%3A+%22NFPS%22%2C+%22parental%22%3A+%22false%22%2C+%22url%22%3A+%22http%3A%2F%2Fportal.iptvprivateserver.tv%22%2C+%22mac%22%3A+%2200%3A1A%3A78%3AA2%3A70%3A47%22%2C+%22serial%22%3A+%7B%22custom%22%3A+false%7D%2C+%22password%22%3A+%220000%22%7D&amp;mode=play&amp;logo_url=http%3A%2F%2Fportal.iptvprivateserver.tv%2Fstalker_portal%2Fmisc%2Flogos%2F320%2F941.png&quot;)</favourite>
    <favourite name="Film &amp; Arts Latinoamerica" thumb="http://portal.iptvprivateserver.tv/stalker_portal/misc/logos/320/943.png">PlayMedia(&quot;plugin://plugin.video.stalker/?tmp=1&amp;genre_name=%5B%27Cinema%27%5D&amp;title=Film+%26+Arts+Latinoamerica&amp;cmd=ffrt2+http%3A%2F%2Flocalhost%2Fch%2F1599&amp;portal=%7B%22name%22%3A+%22NFPS%22%2C+%22parental%22%3A+%22false%22%2C+%22url%22%3A+%22http%3A%2F%2Fportal.iptvprivateserver.tv%22%2C+%22mac%22%3A+%2200%3A1A%3A78%3AA2%3A70%3A47%22%2C+%22serial%22%3A+%7B%22custom%22%3A+false%7D%2C+%22password%22%3A+%220000%22%7D&amp;mode=play&amp;logo_url=http%3A%2F%2Fportal.iptvprivateserver.tv%2Fstalker_portal%2Fmisc%2Flogos%2F320%2F943.png&quot;)</favourite>
    <favourite name="Film Zone" thumb="http://portal.iptvprivateserver.tv/stalker_portal/misc/logos/320/169.png">PlayMedia(&quot;plugin://plugin.video.stalker/?tmp=1&amp;genre_name=%5B%27Cinema%27%5D&amp;title=Film+Zone&amp;cmd=ffrt2+http%3A%2F%2Flocalhost%2Fch%2F1055&amp;portal=%7B%22name%22%3A+%22NFPS%22%2C+%22parental%22%3A+%22false%22%2C+%22url%22%3A+%22http%3A%2F%2Fportal.iptvprivateserver.tv%22%2C+%22mac%22%3A+%2200%3A1A%3A78%3AA2%3A70%3A47%22%2C+%22serial%22%3A+%7B%22custom%22%3A+false%7D%2C+%22password%22%3A+%220000%22%7D&amp;mode=play&amp;logo_url=http%3A%2F%2Fportal.iptvprivateserver.tv%2Fstalker_portal%2Fmisc%2Flogos%2F320%2F169.png&quot;)</favourite>
    <favourite name="Fox 1 Este" thumb="http://portal.iptvprivateserver.tv/stalker_portal/misc/logos/320/171.png">PlayMedia(&quot;plugin://plugin.video.stalker/?tmp=1&amp;genre_name=%5B%27Cinema%27%5D&amp;title=Fox+1+Este&amp;cmd=ffrt2+http%3A%2F%2Flocalhost%2Fch%2F433&amp;portal=%7B%22name%22%3A+%22NFPS%22%2C+%22parental%22%3A+%22false%22%2C+%22url%22%3A+%22http%3A%2F%2Fportal.iptvprivateserver.tv%22%2C+%22mac%22%3A+%2200%3A1A%3A78%3AA2%3A70%3A47%22%2C+%22serial%22%3A+%7B%22custom%22%3A+false%7D%2C+%22password%22%3A+%220000%22%7D&amp;mode=play&amp;logo_url=http%3A%2F%2Fportal.iptvprivateserver.tv%2Fstalker_portal%2Fmisc%2Flogos%2F320%2F171.png&quot;)</favourite>
    <favourite name="Fox 1 Oeste" thumb="http://portal.iptvprivateserver.tv/stalker_portal/misc/logos/320/211.png">PlayMedia(&quot;plugin://plugin.video.stalker/?tmp=1&amp;genre_name=%5B%27Cinema%27%5D&amp;title=Fox+1+Oeste&amp;cmd=ffrt2+http%3A%2F%2Flocalhost%2Fch%2F439&amp;portal=%7B%22name%22%3A+%22NFPS%22%2C+%22parental%22%3A+%22false%22%2C+%22url%22%3A+%22http%3A%2F%2Fportal.iptvprivateserver.tv%22%2C+%22mac%22%3A+%2200%3A1A%3A78%3AA2%3A70%3A47%22%2C+%22serial%22%3A+%7B%22custom%22%3A+false%7D%2C+%22password%22%3A+%220000%22%7D&amp;mode=play&amp;logo_url=http%3A%2F%2Fportal.iptvprivateserver.tv%2Fstalker_portal%2Fmisc%2Flogos%2F320%2F211.png&quot;)</favourite>
    <favourite name="Fox Family" thumb="http://portal.iptvprivateserver.tv/stalker_portal/misc/logos/320/173.png">PlayMedia(&quot;plugin://plugin.video.stalker/?tmp=1&amp;genre_name=%5B%27Cinema%27%5D&amp;title=Fox+Family&amp;cmd=ffrt2+http%3A%2F%2Flocalhost%2Fch%2F467&amp;portal=%7B%22name%22%3A+%22NFPS%22%2C+%22parental%22%3A+%22false%22%2C+%22url%22%3A+%22http%3A%2F%2Fportal.iptvprivateserver.tv%22%2C+%22mac%22%3A+%2200%3A1A%3A78%3AA2%3A70%3A47%22%2C+%22serial%22%3A+%7B%22custom%22%3A+false%7D%2C+%22password%22%3A+%220000%22%7D&amp;mode=play&amp;logo_url=http%3A%2F%2Fportal.iptvprivateserver.tv%2Fstalker_portal%2Fmisc%2Flogos%2F320%2F173.png&quot;)</favourite>
    <favourite name="Fox Comedy" thumb="http://portal.iptvprivateserver.tv/stalker_portal/misc/logos/320/175.png">PlayMedia(&quot;plugin://plugin.video.stalker/?tmp=1&amp;genre_name=%5B%27Cinema%27%5D&amp;title=Fox+Comedy&amp;cmd=ffrt2+http%3A%2F%2Flocalhost%2Fch%2F461&amp;portal=%7B%22name%22%3A+%22NFPS%22%2C+%22parental%22%3A+%22false%22%2C+%22url%22%3A+%22http%3A%2F%2Fportal.iptvprivateserver.tv%22%2C+%22mac%22%3A+%2200%3A1A%3A78%3AA2%3A70%3A47%22%2C+%22serial%22%3A+%7B%22custom%22%3A+false%7D%2C+%22password%22%3A+%220000%22%7D&amp;mode=play&amp;logo_url=http%3A%2F%2Fportal.iptvprivateserver.tv%2Fstalker_portal%2Fmisc%2Flogos%2F320%2F175.png&quot;)</favourite>
    <favourite name="Fox Cinema" thumb="http://portal.iptvprivateserver.tv/stalker_portal/misc/logos/320/177.png">PlayMedia(&quot;plugin://plugin.video.stalker/?tmp=1&amp;genre_name=%5B%27Cinema%27%5D&amp;title=Fox+Cinema&amp;cmd=ffrt2+http%3A%2F%2Flocalhost%2Fch%2F457&amp;portal=%7B%22name%22%3A+%22NFPS%22%2C+%22parental%22%3A+%22false%22%2C+%22url%22%3A+%22http%3A%2F%2Fportal.iptvprivateserver.tv%22%2C+%22mac%22%3A+%2200%3A1A%3A78%3AA2%3A70%3A47%22%2C+%22serial%22%3A+%7B%22custom%22%3A+false%7D%2C+%22password%22%3A+%220000%22%7D&amp;mode=play&amp;logo_url=http%3A%2F%2Fportal.iptvprivateserver.tv%2Fstalker_portal%2Fmisc%2Flogos%2F320%2F177.png&quot;)</favourite>
    <favourite name="Fox Action Este" thumb="http://portal.iptvprivateserver.tv/stalker_portal/misc/logos/320/179.png">PlayMedia(&quot;plugin://plugin.video.stalker/?tmp=1&amp;genre_name=%5B%27Cinema%27%5D&amp;title=Fox+Action+Este&amp;cmd=ffrt2+http%3A%2F%2Flocalhost%2Fch%2F435&amp;portal=%7B%22name%22%3A+%22NFPS%22%2C+%22parental%22%3A+%22false%22%2C+%22url%22%3A+%22http%3A%2F%2Fportal.iptvprivateserver.tv%22%2C+%22mac%22%3A+%2200%3A1A%3A78%3AA2%3A70%3A47%22%2C+%22serial%22%3A+%7B%22custom%22%3A+false%7D%2C+%22password%22%3A+%220000%22%7D&amp;mode=play&amp;logo_url=http%3A%2F%2Fportal.iptvprivateserver.tv%2Fstalker_portal%2Fmisc%2Flogos%2F320%2F179.png&quot;)</favourite>
    <favourite name="Fox Action Oeste" thumb="http://portal.iptvprivateserver.tv/stalker_portal/misc/logos/320/181.png">PlayMedia(&quot;plugin://plugin.video.stalker/?tmp=1&amp;genre_name=%5B%27Cinema%27%5D&amp;title=Fox+Action+Oeste&amp;cmd=ffrt2+http%3A%2F%2Flocalhost%2Fch%2F437&amp;portal=%7B%22name%22%3A+%22NFPS%22%2C+%22parental%22%3A+%22false%22%2C+%22url%22%3A+%22http%3A%2F%2Fportal.iptvprivateserver.tv%22%2C+%22mac%22%3A+%2200%3A1A%3A78%3AA2%3A70%3A47%22%2C+%22serial%22%3A+%7B%22custom%22%3A+false%7D%2C+%22password%22%3A+%220000%22%7D&amp;mode=play&amp;logo_url=http%3A%2F%2Fportal.iptvprivateserver.tv%2Fstalker_portal%2Fmisc%2Flogos%2F320%2F181.png&quot;)</favourite>
    <favourite name="Fox Movies Latinoamerica" thumb="http://portal.iptvprivateserver.tv/stalker_portal/misc/logos/320/183.png">PlayMedia(&quot;plugin://plugin.video.stalker/?tmp=1&amp;genre_name=%5B%27Cinema%27%5D&amp;title=Fox+Movies+Latinoamerica&amp;cmd=ffrt2+http%3A%2F%2Flocalhost%2Fch%2F463&amp;portal=%7B%22name%22%3A+%22NFPS%22%2C+%22parental%22%3A+%22false%22%2C+%22url%22%3A+%22http%3A%2F%2Fportal.iptvprivateserver.tv%22%2C+%22mac%22%3A+%2200%3A1A%3A78%3AA2%3A70%3A47%22%2C+%22serial%22%3A+%7B%22custom%22%3A+false%7D%2C+%22password%22%3A+%220000%22%7D&amp;mode=play&amp;logo_url=http%3A%2F%2Fportal.iptvprivateserver.tv%2Fstalker_portal%2Fmisc%2Flogos%2F320%2F183.png&quot;)</favourite>
    <favourite name="Fox Classics Latinoamerica" thumb="http://portal.iptvprivateserver.tv/stalker_portal/misc/logos/320/185.png">PlayMedia(&quot;plugin://plugin.video.stalker/?tmp=1&amp;genre_name=%5B%27Cinema%27%5D&amp;title=Fox+Classics+Latinoamerica&amp;cmd=ffrt2+http%3A%2F%2Flocalhost%2Fch%2F465&amp;portal=%7B%22name%22%3A+%22NFPS%22%2C+%22parental%22%3A+%22false%22%2C+%22url%22%3A+%22http%3A%2F%2Fportal.iptvprivateserver.tv%22%2C+%22mac%22%3A+%2200%3A1A%3A78%3AA2%3A70%3A47%22%2C+%22serial%22%3A+%7B%22custom%22%3A+false%7D%2C+%22password%22%3A+%220000%22%7D&amp;mode=play&amp;logo_url=http%3A%2F%2Fportal.iptvprivateserver.tv%2Fstalker_portal%2Fmisc%2Flogos%2F320%2F185.png&quot;)</favourite>
    <favourite name="HBO Latinoamerica" thumb="http://portal.iptvprivateserver.tv/stalker_portal/misc/logos/320/207.png">PlayMedia(&quot;plugin://plugin.video.stalker/?tmp=1&amp;genre_name=%5B%27Cinema%27%5D&amp;title=HBO+Latinoamerica&amp;cmd=ffrt2+http%3A%2F%2Flocalhost%2Fch%2F385&amp;portal=%7B%22name%22%3A+%22NFPS%22%2C+%22parental%22%3A+%22false%22%2C+%22url%22%3A+%22http%3A%2F%2Fportal.iptvprivateserver.tv%22%2C+%22mac%22%3A+%2200%3A1A%3A78%3AA2%3A70%3A47%22%2C+%22serial%22%3A+%7B%22custom%22%3A+false%7D%2C+%22password%22%3A+%220000%22%7D&amp;mode=play&amp;logo_url=http%3A%2F%2Fportal.iptvprivateserver.tv%2Fstalker_portal%2Fmisc%2Flogos%2F320%2F207.png&quot;)</favourite>
    <favourite name="HBO 2 Latinoamerica" thumb="http://portal.iptvprivateserver.tv/stalker_portal/misc/logos/320/187.png">PlayMedia(&quot;plugin://plugin.video.stalker/?tmp=1&amp;genre_name=%5B%27Cinema%27%5D&amp;title=HBO+2+Latinoamerica&amp;cmd=ffrt2+http%3A%2F%2Flocalhost%2Fch%2F365&amp;portal=%7B%22name%22%3A+%22NFPS%22%2C+%22parental%22%3A+%22false%22%2C+%22url%22%3A+%22http%3A%2F%2Fportal.iptvprivateserver.tv%22%2C+%22mac%22%3A+%2200%3A1A%3A78%3AA2%3A70%3A47%22%2C+%22serial%22%3A+%7B%22custom%22%3A+false%7D%2C+%22password%22%3A+%220000%22%7D&amp;mode=play&amp;logo_url=http%3A%2F%2Fportal.iptvprivateserver.tv%2Fstalker_portal%2Fmisc%2Flogos%2F320%2F187.png&quot;)</favourite>
    <favourite name="HBO Plus Este" thumb="http://portal.iptvprivateserver.tv/stalker_portal/misc/logos/320/189.png">PlayMedia(&quot;plugin://plugin.video.stalker/?tmp=1&amp;genre_name=%5B%27Cinema%27%5D&amp;title=HBO+Plus+Este&amp;cmd=ffrt2+http%3A%2F%2Flocalhost%2Fch%2F453&amp;portal=%7B%22name%22%3A+%22NFPS%22%2C+%22parental%22%3A+%22false%22%2C+%22url%22%3A+%22http%3A%2F%2Fportal.iptvprivateserver.tv%22%2C+%22mac%22%3A+%2200%3A1A%3A78%3AA2%3A70%3A47%22%2C+%22serial%22%3A+%7B%22custom%22%3A+false%7D%2C+%22password%22%3A+%220000%22%7D&amp;mode=play&amp;logo_url=http%3A%2F%2Fportal.iptvprivateserver.tv%2Fstalker_portal%2Fmisc%2Flogos%2F320%2F189.png&quot;)</favourite>
    <favourite name="HBO Plus Oeste" thumb="http://portal.iptvprivateserver.tv/stalker_portal/misc/logos/320/191.png">PlayMedia(&quot;plugin://plugin.video.stalker/?tmp=1&amp;genre_name=%5B%27Cinema%27%5D&amp;title=HBO+Plus+Oeste&amp;cmd=ffrt2+http%3A%2F%2Flocalhost%2Fch%2F369&amp;portal=%7B%22name%22%3A+%22NFPS%22%2C+%22parental%22%3A+%22false%22%2C+%22url%22%3A+%22http%3A%2F%2Fportal.iptvprivateserver.tv%22%2C+%22mac%22%3A+%2200%3A1A%3A78%3AA2%3A70%3A47%22%2C+%22serial%22%3A+%7B%22custom%22%3A+false%7D%2C+%22password%22%3A+%220000%22%7D&amp;mode=play&amp;logo_url=http%3A%2F%2Fportal.iptvprivateserver.tv%2Fstalker_portal%2Fmisc%2Flogos%2F320%2F191.png&quot;)</favourite>
    <favourite name="HBO Family Latinoamerica" thumb="http://portal.iptvprivateserver.tv/stalker_portal/misc/logos/320/193.png">PlayMedia(&quot;plugin://plugin.video.stalker/?tmp=1&amp;genre_name=%5B%27Cinema%27%5D&amp;title=HBO+Family+Latinoamerica&amp;cmd=ffrt2+http%3A%2F%2Flocalhost%2Fch%2F449&amp;portal=%7B%22name%22%3A+%22NFPS%22%2C+%22parental%22%3A+%22false%22%2C+%22url%22%3A+%22http%3A%2F%2Fportal.iptvprivateserver.tv%22%2C+%22mac%22%3A+%2200%3A1A%3A78%3AA2%3A70%3A47%22%2C+%22serial%22%3A+%7B%22custom%22%3A+false%7D%2C+%22password%22%3A+%220000%22%7D&amp;mode=play&amp;logo_url=http%3A%2F%2Fportal.iptvprivateserver.tv%2Fstalker_portal%2Fmisc%2Flogos%2F320%2F193.png&quot;)</favourite>
    <favourite name="HBO Signature Latinoamerica" thumb="http://portal.iptvprivateserver.tv/stalker_portal/misc/logos/320/195.png">PlayMedia(&quot;plugin://plugin.video.stalker/?tmp=1&amp;genre_name=%5B%27Cinema%27%5D&amp;title=HBO+Signature+Latinoamerica&amp;cmd=ffrt2+http%3A%2F%2Flocalhost%2Fch%2F451&amp;portal=%7B%22name%22%3A+%22NFPS%22%2C+%22parental%22%3A+%22false%22%2C+%22url%22%3A+%22http%3A%2F%2Fportal.iptvprivateserver.tv%22%2C+%22mac%22%3A+%2200%3A1A%3A78%3AA2%3A70%3A47%22%2C+%22serial%22%3A+%7B%22custom%22%3A+false%7D%2C+%22password%22%3A+%220000%22%7D&amp;mode=play&amp;logo_url=http%3A%2F%2Fportal.iptvprivateserver.tv%2Fstalker_portal%2Fmisc%2Flogos%2F320%2F195.png&quot;)</favourite>
    <favourite name="Max UP Latinoamerica" thumb="http://portal.iptvprivateserver.tv/stalker_portal/misc/logos/320/197.png">PlayMedia(&quot;plugin://plugin.video.stalker/?tmp=1&amp;genre_name=%5B%27Cinema%27%5D&amp;title=Max+UP+Latinoamerica&amp;cmd=ffrt2+http%3A%2F%2Flocalhost%2Fch%2F469&amp;portal=%7B%22name%22%3A+%22NFPS%22%2C+%22parental%22%3A+%22false%22%2C+%22url%22%3A+%22http%3A%2F%2Fportal.iptvprivateserver.tv%22%2C+%22mac%22%3A+%2200%3A1A%3A78%3AA2%3A70%3A47%22%2C+%22serial%22%3A+%7B%22custom%22%3A+false%7D%2C+%22password%22%3A+%220000%22%7D&amp;mode=play&amp;logo_url=http%3A%2F%2Fportal.iptvprivateserver.tv%2Fstalker_portal%2Fmisc%2Flogos%2F320%2F197.png&quot;)</favourite>
    <favourite name="Max Prime Este" thumb="http://portal.iptvprivateserver.tv/stalker_portal/misc/logos/320/199.png">PlayMedia(&quot;plugin://plugin.video.stalker/?tmp=1&amp;genre_name=%5B%27Cinema%27%5D&amp;title=Max+Prime+Este&amp;cmd=ffrt2+http%3A%2F%2Flocalhost%2Fch%2F377&amp;portal=%7B%22name%22%3A+%22NFPS%22%2C+%22parental%22%3A+%22false%22%2C+%22url%22%3A+%22http%3A%2F%2Fportal.iptvprivateserver.tv%22%2C+%22mac%22%3A+%2200%3A1A%3A78%3AA2%3A70%3A47%22%2C+%22serial%22%3A+%7B%22custom%22%3A+false%7D%2C+%22password%22%3A+%220000%22%7D&amp;mode=play&amp;logo_url=http%3A%2F%2Fportal.iptvprivateserver.tv%2Fstalker_portal%2Fmisc%2Flogos%2F320%2F199.png&quot;)</favourite>
    <favourite name="Max Prime Oeste" thumb="http://portal.iptvprivateserver.tv/stalker_portal/misc/logos/320/201.png">PlayMedia(&quot;plugin://plugin.video.stalker/?tmp=1&amp;genre_name=%5B%27Cinema%27%5D&amp;title=Max+Prime+Oeste&amp;cmd=ffrt2+http%3A%2F%2Flocalhost%2Fch%2F379&amp;portal=%7B%22name%22%3A+%22NFPS%22%2C+%22parental%22%3A+%22false%22%2C+%22url%22%3A+%22http%3A%2F%2Fportal.iptvprivateserver.tv%22%2C+%22mac%22%3A+%2200%3A1A%3A78%3AA2%3A70%3A47%22%2C+%22serial%22%3A+%7B%22custom%22%3A+false%7D%2C+%22password%22%3A+%220000%22%7D&amp;mode=play&amp;logo_url=http%3A%2F%2Fportal.iptvprivateserver.tv%2Fstalker_portal%2Fmisc%2Flogos%2F320%2F201.png&quot;)</favourite>
    <favourite name="MAX" thumb="http://portal.iptvprivateserver.tv/stalker_portal/misc/logos/320/203.png">PlayMedia(&quot;plugin://plugin.video.stalker/?tmp=1&amp;genre_name=%5B%27Cinema%27%5D&amp;title=MAX&amp;cmd=ffrt2+http%3A%2F%2Flocalhost%2Fch%2F381&amp;portal=%7B%22name%22%3A+%22NFPS%22%2C+%22parental%22%3A+%22false%22%2C+%22url%22%3A+%22http%3A%2F%2Fportal.iptvprivateserver.tv%22%2C+%22mac%22%3A+%2200%3A1A%3A78%3AA2%3A70%3A47%22%2C+%22serial%22%3A+%7B%22custom%22%3A+false%7D%2C+%22password%22%3A+%220000%22%7D&amp;mode=play&amp;logo_url=http%3A%2F%2Fportal.iptvprivateserver.tv%2Fstalker_portal%2Fmisc%2Flogos%2F320%2F203.png&quot;)</favourite>
    <favourite name="Golden Premier 1" thumb="http://portal.iptvprivateserver.tv/stalker_portal/misc/logos/320/1787.png">PlayMedia(&quot;plugin://plugin.video.stalker/?tmp=1&amp;genre_name=%5B%27Cinema%27%5D&amp;title=Golden+Premier+1&amp;cmd=ffrt2+http%3A%2F%2Flocalhost%2Fch%2F4777&amp;portal=%7B%22name%22%3A+%22NFPS%22%2C+%22parental%22%3A+%22false%22%2C+%22url%22%3A+%22http%3A%2F%2Fportal.iptvprivateserver.tv%22%2C+%22mac%22%3A+%2200%3A1A%3A78%3AA2%3A70%3A47%22%2C+%22serial%22%3A+%7B%22custom%22%3A+false%7D%2C+%22password%22%3A+%220000%22%7D&amp;mode=play&amp;logo_url=http%3A%2F%2Fportal.iptvprivateserver.tv%2Fstalker_portal%2Fmisc%2Flogos%2F320%2F1787.png&quot;)</favourite>
    <favourite name="Golden Premier 2" thumb="http://portal.iptvprivateserver.tv/stalker_portal/misc/logos/320/1782.png">PlayMedia(&quot;plugin://plugin.video.stalker/?tmp=1&amp;genre_name=%5B%27Cinema%27%5D&amp;title=Golden+Premier+2&amp;cmd=ffrt2+http%3A%2F%2Flocalhost%2Fch%2F4772&amp;portal=%7B%22name%22%3A+%22NFPS%22%2C+%22parental%22%3A+%22false%22%2C+%22url%22%3A+%22http%3A%2F%2Fportal.iptvprivateserver.tv%22%2C+%22mac%22%3A+%2200%3A1A%3A78%3AA2%3A70%3A47%22%2C+%22serial%22%3A+%7B%22custom%22%3A+false%7D%2C+%22password%22%3A+%220000%22%7D&amp;mode=play&amp;logo_url=http%3A%2F%2Fportal.iptvprivateserver.tv%2Fstalker_portal%2Fmisc%2Flogos%2F320%2F1782.png&quot;)</favourite>
</favourites>
