<?xml version="1.0" encoding="UTF-8" standalone="yes"?>
<addon
  id="plugin.video.vtvplus"
  version="1.5.2.2"
  name="VTV-Plus(Not Working)"
  provider-name="Vinh Modded from Thong">
  <requires>
    <import addon="xbmc.python" version="2.1.0"/>
    <import addon="script.module.xbmcswift2" version="1.3.1" />
  </requires>
  <extension point="xbmc.python.pluginsource" library="default.py">
        <provides>video</provides>
  </extension>
  <extension point="xbmc.addon.metadata">
    <summary>VTV Plus Online</summary>
    <description>Watch vtvplus.vn (Vietnamese) Channels (VIP account required)</description>
    <platform>all</platform>
  </extension>
</addon>