<?xml version="1.0" encoding="UTF-8" standalone="yes"?>
<addon id="plugin.video.filmon.simple" name="FilmOn Simple" version="0.1.8" provider-name="mhancoc7">
  <requires>
    <import addon="xbmc.python" version="2.1.0"/>
	<import addon="repository.xbmchub" />
  </requires>
  <extension point="xbmc.python.pluginsource" library="default.py">
        <provides>video</provides>
  </extension>
  <extension point="xbmc.addon.metadata">
    <summary lang="en">FilmOn Simple</summary>
    <description lang="en">Please visit [COLOR blue]https://www.tvaddons.co[/COLOR] for addon support! Watch Live TV from FilmOn.</description>
    <platform>all</platform>
    <forum>https://tvaddons.co/forums/</forum>
    <website>https://tvaddons.co/</website>
  </extension>
</addon>
