<favourites>
  <favourite name="Disney Jr" thumb="http://portal.iptvprivateserver.tv/stalker_portal/misc/logos/320/1832.png">PlayMedia(&quot;plugin://plugin.video.stalker/?tmp=1&amp;genre_name=%5B%22Children%27S%22%5D&amp;title=Disney+Jr&amp;cmd=ffrt2+http%3A%2F%2Flocalhost%2Fch%2F4852&amp;portal=%7B%22name%22%3A+%22NFPS%22%2C+%22parental%22%3A+%22false%22%2C+%22url%22%3A+%22http%3A%2F%2Fportal.iptvprivateserver.tv%22%2C+%22mac%22%3A+%2200%3A1A%3A78%3AA2%3A70%3A47%22%2C+%22serial%22%3A+%7B%22custom%22%3A+false%7D%2C+%22password%22%3A+%220000%22%7D&amp;mode=play&amp;logo_url=http%3A%2F%2Fportal.iptvprivateserver.tv%2Fstalker_portal%2Fmisc%2Flogos%2F320%2F1832.png&quot;)</favourite>
    <favourite name="Nick Jr" thumb="http://portal.iptvprivateserver.tv/stalker_portal/misc/logos/320/1852.png">PlayMedia(&quot;plugin://plugin.video.stalker/?tmp=1&amp;genre_name=%5B%22Children%27S%22%5D&amp;title=Nick+Jr&amp;cmd=ffrt2+http%3A%2F%2Flocalhost%2Fch%2F4872&amp;portal=%7B%22name%22%3A+%22NFPS%22%2C+%22parental%22%3A+%22false%22%2C+%22url%22%3A+%22http%3A%2F%2Fportal.iptvprivateserver.tv%22%2C+%22mac%22%3A+%2200%3A1A%3A78%3AA2%3A70%3A47%22%2C+%22serial%22%3A+%7B%22custom%22%3A+false%7D%2C+%22password%22%3A+%220000%22%7D&amp;mode=play&amp;logo_url=http%3A%2F%2Fportal.iptvprivateserver.tv%2Fstalker_portal%2Fmisc%2Flogos%2F320%2F1852.png&quot;)</favourite>
    <favourite name="Nickelodeon East" thumb="http://portal.iptvprivateserver.tv/stalker_portal/misc/logos/320/973.png">PlayMedia(&quot;plugin://plugin.video.stalker/?tmp=1&amp;genre_name=%5B%22Children%27S%22%5D&amp;title=Nickelodeon+East&amp;cmd=ffrt2+http%3A%2F%2Flocalhost%2Fch%2F1701&amp;portal=%7B%22name%22%3A+%22NFPS%22%2C+%22parental%22%3A+%22false%22%2C+%22url%22%3A+%22http%3A%2F%2Fportal.iptvprivateserver.tv%22%2C+%22mac%22%3A+%2200%3A1A%3A78%3AA2%3A70%3A47%22%2C+%22serial%22%3A+%7B%22custom%22%3A+false%7D%2C+%22password%22%3A+%220000%22%7D&amp;mode=play&amp;logo_url=http%3A%2F%2Fportal.iptvprivateserver.tv%2Fstalker_portal%2Fmisc%2Flogos%2F320%2F973.png&quot;)</favourite>
    <favourite name="Disney Channel East" thumb="http://portal.iptvprivateserver.tv/stalker_portal/misc/logos/320/21.png">PlayMedia(&quot;plugin://plugin.video.stalker/?tmp=1&amp;genre_name=%5B%22Children%27S%22%5D&amp;title=Disney+Channel+East&amp;cmd=ffrt2+http%3A%2F%2Flocalhost%2Fch%2F196&amp;portal=%7B%22name%22%3A+%22NFPS%22%2C+%22parental%22%3A+%22false%22%2C+%22url%22%3A+%22http%3A%2F%2Fportal.iptvprivateserver.tv%22%2C+%22mac%22%3A+%2200%3A1A%3A78%3AA2%3A70%3A47%22%2C+%22serial%22%3A+%7B%22custom%22%3A+false%7D%2C+%22password%22%3A+%220000%22%7D&amp;mode=play&amp;logo_url=http%3A%2F%2Fportal.iptvprivateserver.tv%2Fstalker_portal%2Fmisc%2Flogos%2F320%2F21.png&quot;)</favourite>
    <favourite name="Disney Channel West" thumb="http://portal.iptvprivateserver.tv/stalker_portal/misc/logos/320/1842.png">PlayMedia(&quot;plugin://plugin.video.stalker/?tmp=1&amp;genre_name=%5B%22Children%27S%22%5D&amp;title=Disney+Channel+West&amp;cmd=ffrt2+http%3A%2F%2Flocalhost%2Fch%2F4862&amp;portal=%7B%22name%22%3A+%22NFPS%22%2C+%22parental%22%3A+%22false%22%2C+%22url%22%3A+%22http%3A%2F%2Fportal.iptvprivateserver.tv%22%2C+%22mac%22%3A+%2200%3A1A%3A78%3AA2%3A70%3A47%22%2C+%22serial%22%3A+%7B%22custom%22%3A+false%7D%2C+%22password%22%3A+%220000%22%7D&amp;mode=play&amp;logo_url=http%3A%2F%2Fportal.iptvprivateserver.tv%2Fstalker_portal%2Fmisc%2Flogos%2F320%2F1842.png&quot;)</favourite>
    <favourite name="Disney XD" thumb="http://portal.iptvprivateserver.tv/stalker_portal/misc/logos/320/1840.png">PlayMedia(&quot;plugin://plugin.video.stalker/?tmp=1&amp;genre_name=%5B%22Children%27S%22%5D&amp;title=Disney+XD&amp;cmd=ffrt2+http%3A%2F%2Flocalhost%2Fch%2F4860&amp;portal=%7B%22name%22%3A+%22NFPS%22%2C+%22parental%22%3A+%22false%22%2C+%22url%22%3A+%22http%3A%2F%2Fportal.iptvprivateserver.tv%22%2C+%22mac%22%3A+%2200%3A1A%3A78%3AA2%3A70%3A47%22%2C+%22serial%22%3A+%7B%22custom%22%3A+false%7D%2C+%22password%22%3A+%220000%22%7D&amp;mode=play&amp;logo_url=http%3A%2F%2Fportal.iptvprivateserver.tv%2Fstalker_portal%2Fmisc%2Flogos%2F320%2F1840.png&quot;)</favourite>
    <favourite name="Boomerang USA" thumb="http://portal.iptvprivateserver.tv/stalker_portal/misc/logos/320/1885.png">PlayMedia(&quot;plugin://plugin.video.stalker/?tmp=0&amp;genre_name=%5B%22Children%27S%22%5D&amp;title=Boomerang+USA&amp;cmd=ffrt2+http%3A%2F%2Flb.iptvserver.tv%3A8080%2Fredirect%2FLiveEdge%2FBoomerangUS%2Fplaylist.m3u8&amp;portal=%7B%22name%22%3A+%22NFPS%22%2C+%22parental%22%3A+%22false%22%2C+%22url%22%3A+%22http%3A%2F%2Fportal.iptvprivateserver.tv%22%2C+%22mac%22%3A+%2200%3A1A%3A78%3AA2%3A70%3A47%22%2C+%22serial%22%3A+%7B%22custom%22%3A+false%7D%2C+%22password%22%3A+%220000%22%7D&amp;mode=play&amp;logo_url=http%3A%2F%2Fportal.iptvprivateserver.tv%2Fstalker_portal%2Fmisc%2Flogos%2F320%2F1885.png&quot;)</favourite>
    <favourite name="Baby First TV" thumb="http://portal.iptvprivateserver.tv/stalker_portal/misc/logos/320/1862.png">PlayMedia(&quot;plugin://plugin.video.stalker/?tmp=1&amp;genre_name=%5B%22Children%27S%22%5D&amp;title=Baby+First+TV&amp;cmd=ffrt2+http%3A%2F%2Flocalhost%2Fch%2F4882&amp;portal=%7B%22name%22%3A+%22NFPS%22%2C+%22parental%22%3A+%22false%22%2C+%22url%22%3A+%22http%3A%2F%2Fportal.iptvprivateserver.tv%22%2C+%22mac%22%3A+%2200%3A1A%3A78%3AA2%3A70%3A47%22%2C+%22serial%22%3A+%7B%22custom%22%3A+false%7D%2C+%22password%22%3A+%220000%22%7D&amp;mode=play&amp;logo_url=http%3A%2F%2Fportal.iptvprivateserver.tv%2Fstalker_portal%2Fmisc%2Flogos%2F320%2F1862.png&quot;)</favourite>
    <favourite name="Baby TV" thumb="http://portal.iptvprivateserver.tv/stalker_portal/misc/logos/320/1091.png">PlayMedia(&quot;plugin://plugin.video.stalker/?tmp=0&amp;genre_name=%5B%22Children%27S%22%5D&amp;title=Baby+TV&amp;cmd=http%3A%2F%2Frostelec.noip.me%3A1234%2Fudp%2F233.7.70.188%3A5000&amp;portal=%7B%22name%22%3A+%22NFPS%22%2C+%22parental%22%3A+%22false%22%2C+%22url%22%3A+%22http%3A%2F%2Fportal.iptvprivateserver.tv%22%2C+%22mac%22%3A+%2200%3A1A%3A78%3AA2%3A70%3A47%22%2C+%22serial%22%3A+%7B%22custom%22%3A+false%7D%2C+%22password%22%3A+%220000%22%7D&amp;mode=play&amp;logo_url=http%3A%2F%2Fportal.iptvprivateserver.tv%2Fstalker_portal%2Fmisc%2Flogos%2F320%2F1091.png&quot;)</favourite>
    <favourite name="Teen Nick" thumb="http://portal.iptvprivateserver.tv/stalker_portal/misc/logos/320/1857.png">PlayMedia(&quot;plugin://plugin.video.stalker/?tmp=1&amp;genre_name=%5B%22Children%27S%22%5D&amp;title=Teen+Nick&amp;cmd=ffrt2+http%3A%2F%2Flocalhost%2Fch%2F4877&amp;portal=%7B%22name%22%3A+%22NFPS%22%2C+%22parental%22%3A+%22false%22%2C+%22url%22%3A+%22http%3A%2F%2Fportal.iptvprivateserver.tv%22%2C+%22mac%22%3A+%2200%3A1A%3A78%3AA2%3A70%3A47%22%2C+%22serial%22%3A+%7B%22custom%22%3A+false%7D%2C+%22password%22%3A+%220000%22%7D&amp;mode=play&amp;logo_url=http%3A%2F%2Fportal.iptvprivateserver.tv%2Fstalker_portal%2Fmisc%2Flogos%2F320%2F1857.png&quot;)</favourite>
    <favourite name="SKY Disney" thumb="http://portal.iptvprivateserver.tv/stalker_portal/misc/logos/320/68.png">PlayMedia(&quot;plugin://plugin.video.stalker/?tmp=1&amp;genre_name=%5B%22Children%27S%22%5D&amp;title=SKY+Disney&amp;cmd=ffrt2+http%3A%2F%2Flocalhost%2Fch%2F523&amp;portal=%7B%22name%22%3A+%22NFPS%22%2C+%22parental%22%3A+%22false%22%2C+%22url%22%3A+%22http%3A%2F%2Fportal.iptvprivateserver.tv%22%2C+%22mac%22%3A+%2200%3A1A%3A78%3AA2%3A70%3A47%22%2C+%22serial%22%3A+%7B%22custom%22%3A+false%7D%2C+%22password%22%3A+%220000%22%7D&amp;mode=play&amp;logo_url=http%3A%2F%2Fportal.iptvprivateserver.tv%2Fstalker_portal%2Fmisc%2Flogos%2F320%2F68.png&quot;)</favourite>
    <favourite name="Disney Channel Norte" thumb="http://portal.iptvprivateserver.tv/stalker_portal/misc/logos/320/42.png">PlayMedia(&quot;plugin://plugin.video.stalker/?tmp=1&amp;genre_name=%5B%22Children%27S%22%5D&amp;title=Disney+Channel+Norte&amp;cmd=ffrt2+http%3A%2F%2Flocalhost%2Fch%2F256&amp;portal=%7B%22name%22%3A+%22NFPS%22%2C+%22parental%22%3A+%22false%22%2C+%22url%22%3A+%22http%3A%2F%2Fportal.iptvprivateserver.tv%22%2C+%22mac%22%3A+%2200%3A1A%3A78%3AA2%3A70%3A47%22%2C+%22serial%22%3A+%7B%22custom%22%3A+false%7D%2C+%22password%22%3A+%220000%22%7D&amp;mode=play&amp;logo_url=http%3A%2F%2Fportal.iptvprivateserver.tv%2Fstalker_portal%2Fmisc%2Flogos%2F320%2F42.png&quot;)</favourite>
    <favourite name="Disney XD Norte" thumb="http://portal.iptvprivateserver.tv/stalker_portal/misc/logos/320/255.png">PlayMedia(&quot;plugin://plugin.video.stalker/?tmp=1&amp;genre_name=%5B%22Children%27S%22%5D&amp;title=Disney+XD+Norte&amp;cmd=ffrt2+http%3A%2F%2Flocalhost%2Fch%2F499&amp;portal=%7B%22name%22%3A+%22NFPS%22%2C+%22parental%22%3A+%22false%22%2C+%22url%22%3A+%22http%3A%2F%2Fportal.iptvprivateserver.tv%22%2C+%22mac%22%3A+%2200%3A1A%3A78%3AA2%3A70%3A47%22%2C+%22serial%22%3A+%7B%22custom%22%3A+false%7D%2C+%22password%22%3A+%220000%22%7D&amp;mode=play&amp;logo_url=http%3A%2F%2Fportal.iptvprivateserver.tv%2Fstalker_portal%2Fmisc%2Flogos%2F320%2F255.png&quot;)</favourite>
    <favourite name="Disney Junior Norte" thumb="http://portal.iptvprivateserver.tv/stalker_portal/misc/logos/320/843.png">PlayMedia(&quot;plugin://plugin.video.stalker/?tmp=1&amp;genre_name=%5B%22Children%27S%22%5D&amp;title=Disney+Junior+Norte&amp;cmd=ffrt2+http%3A%2F%2Flocalhost%2Fch%2F1455&amp;portal=%7B%22name%22%3A+%22NFPS%22%2C+%22parental%22%3A+%22false%22%2C+%22url%22%3A+%22http%3A%2F%2Fportal.iptvprivateserver.tv%22%2C+%22mac%22%3A+%2200%3A1A%3A78%3AA2%3A70%3A47%22%2C+%22serial%22%3A+%7B%22custom%22%3A+false%7D%2C+%22password%22%3A+%220000%22%7D&amp;mode=play&amp;logo_url=http%3A%2F%2Fportal.iptvprivateserver.tv%2Fstalker_portal%2Fmisc%2Flogos%2F320%2F843.png&quot;)</favourite>
    <favourite name="Nickelodeon Latinoamerica" thumb="http://portal.iptvprivateserver.tv/stalker_portal/misc/logos/320/817.png">PlayMedia(&quot;plugin://plugin.video.stalker/?tmp=1&amp;genre_name=%5B%22Children%27S%22%5D&amp;title=Nickelodeon+Latinoamerica&amp;cmd=ffrt2+http%3A%2F%2Flocalhost%2Fch%2F1423&amp;portal=%7B%22name%22%3A+%22NFPS%22%2C+%22parental%22%3A+%22false%22%2C+%22url%22%3A+%22http%3A%2F%2Fportal.iptvprivateserver.tv%22%2C+%22mac%22%3A+%2200%3A1A%3A78%3AA2%3A70%3A47%22%2C+%22serial%22%3A+%7B%22custom%22%3A+false%7D%2C+%22password%22%3A+%220000%22%7D&amp;mode=play&amp;logo_url=http%3A%2F%2Fportal.iptvprivateserver.tv%2Fstalker_portal%2Fmisc%2Flogos%2F320%2F817.png&quot;)</favourite>
    <favourite name="Nick Jr Latinoamerica" thumb="http://portal.iptvprivateserver.tv/stalker_portal/misc/logos/320/239.png">PlayMedia(&quot;plugin://plugin.video.stalker/?tmp=1&amp;genre_name=%5B%22Children%27S%22%5D&amp;title=Nick+Jr+Latinoamerica&amp;cmd=ffrt2+http%3A%2F%2Flocalhost%2Fch%2F417&amp;portal=%7B%22name%22%3A+%22NFPS%22%2C+%22parental%22%3A+%22false%22%2C+%22url%22%3A+%22http%3A%2F%2Fportal.iptvprivateserver.tv%22%2C+%22mac%22%3A+%2200%3A1A%3A78%3AA2%3A70%3A47%22%2C+%22serial%22%3A+%7B%22custom%22%3A+false%7D%2C+%22password%22%3A+%220000%22%7D&amp;mode=play&amp;logo_url=http%3A%2F%2Fportal.iptvprivateserver.tv%2Fstalker_portal%2Fmisc%2Flogos%2F320%2F239.png&quot;)</favourite>
    <favourite name="Discovery Kids America Latina" thumb="http://portal.iptvprivateserver.tv/stalker_portal/misc/logos/320/131.png">PlayMedia(&quot;plugin://plugin.video.stalker/?tmp=1&amp;genre_name=%5B%22Children%27S%22%5D&amp;title=Discovery+Kids+America+Latina&amp;cmd=ffrt2+http%3A%2F%2Flocalhost%2Fch%2F309&amp;portal=%7B%22name%22%3A+%22NFPS%22%2C+%22parental%22%3A+%22false%22%2C+%22url%22%3A+%22http%3A%2F%2Fportal.iptvprivateserver.tv%22%2C+%22mac%22%3A+%2200%3A1A%3A78%3AA2%3A70%3A47%22%2C+%22serial%22%3A+%7B%22custom%22%3A+false%7D%2C+%22password%22%3A+%220000%22%7D&amp;mode=play&amp;logo_url=http%3A%2F%2Fportal.iptvprivateserver.tv%2Fstalker_portal%2Fmisc%2Flogos%2F320%2F131.png&quot;)</favourite>
    <favourite name="Cartoon Network Latinoamerica" thumb="http://portal.iptvprivateserver.tv/stalker_portal/misc/logos/320/133.png">PlayMedia(&quot;plugin://plugin.video.stalker/?tmp=1&amp;genre_name=%5B%22Children%27S%22%5D&amp;title=Cartoon+Network+Latinoamerica&amp;cmd=ffrt2+http%3A%2F%2Flocalhost%2Fch%2F421&amp;portal=%7B%22name%22%3A+%22NFPS%22%2C+%22parental%22%3A+%22false%22%2C+%22url%22%3A+%22http%3A%2F%2Fportal.iptvprivateserver.tv%22%2C+%22mac%22%3A+%2200%3A1A%3A78%3AA2%3A70%3A47%22%2C+%22serial%22%3A+%7B%22custom%22%3A+false%7D%2C+%22password%22%3A+%220000%22%7D&amp;mode=play&amp;logo_url=http%3A%2F%2Fportal.iptvprivateserver.tv%2Fstalker_portal%2Fmisc%2Flogos%2F320%2F133.png&quot;)</favourite>
    <favourite name="Boomerang Latinoamerica" thumb="http://portal.iptvprivateserver.tv/stalker_portal/misc/logos/320/135.png">PlayMedia(&quot;plugin://plugin.video.stalker/?tmp=1&amp;genre_name=%5B%22Children%27S%22%5D&amp;title=Boomerang+Latinoamerica&amp;cmd=ffrt2+http%3A%2F%2Flocalhost%2Fch%2F2507&amp;portal=%7B%22name%22%3A+%22NFPS%22%2C+%22parental%22%3A+%22false%22%2C+%22url%22%3A+%22http%3A%2F%2Fportal.iptvprivateserver.tv%22%2C+%22mac%22%3A+%2200%3A1A%3A78%3AA2%3A70%3A47%22%2C+%22serial%22%3A+%7B%22custom%22%3A+false%7D%2C+%22password%22%3A+%220000%22%7D&amp;mode=play&amp;logo_url=http%3A%2F%2Fportal.iptvprivateserver.tv%2Fstalker_portal%2Fmisc%2Flogos%2F320%2F135.png&quot;)</favourite>
    <favourite name="Tooncast" thumb="http://portal.iptvprivateserver.tv/stalker_portal/misc/logos/320/137.png">PlayMedia(&quot;plugin://plugin.video.stalker/?tmp=1&amp;genre_name=%5B%22Children%27S%22%5D&amp;title=Tooncast&amp;cmd=ffrt2+http%3A%2F%2Flocalhost%2Fch%2F443&amp;portal=%7B%22name%22%3A+%22NFPS%22%2C+%22parental%22%3A+%22false%22%2C+%22url%22%3A+%22http%3A%2F%2Fportal.iptvprivateserver.tv%22%2C+%22mac%22%3A+%2200%3A1A%3A78%3AA2%3A70%3A47%22%2C+%22serial%22%3A+%7B%22custom%22%3A+false%7D%2C+%22password%22%3A+%220000%22%7D&amp;mode=play&amp;logo_url=http%3A%2F%2Fportal.iptvprivateserver.tv%2Fstalker_portal%2Fmisc%2Flogos%2F320%2F137.png&quot;)</favourite>
    <favourite name="Baby TV Latinoamerica" thumb="http://portal.iptvprivateserver.tv/stalker_portal/misc/logos/320/139.png">PlayMedia(&quot;plugin://plugin.video.stalker/?tmp=1&amp;genre_name=%5B%22Children%27S%22%5D&amp;title=Baby+TV+Latinoamerica&amp;cmd=ffrt2+http%3A%2F%2Flocalhost%2Fch%2F317&amp;portal=%7B%22name%22%3A+%22NFPS%22%2C+%22parental%22%3A+%22false%22%2C+%22url%22%3A+%22http%3A%2F%2Fportal.iptvprivateserver.tv%22%2C+%22mac%22%3A+%2200%3A1A%3A78%3AA2%3A70%3A47%22%2C+%22serial%22%3A+%7B%22custom%22%3A+false%7D%2C+%22password%22%3A+%220000%22%7D&amp;mode=play&amp;logo_url=http%3A%2F%2Fportal.iptvprivateserver.tv%2Fstalker_portal%2Fmisc%2Flogos%2F320%2F139.png&quot;)</favourite>
    <favourite name="CBeebies Latinoamerica" thumb="http://portal.iptvprivateserver.tv/stalker_portal/misc/logos/320/609.png">PlayMedia(&quot;plugin://plugin.video.stalker/?tmp=1&amp;genre_name=%5B%22Children%27S%22%5D&amp;title=CBeebies+Latinoamerica&amp;cmd=ffrt2+http%3A%2F%2Flocalhost%2Fch%2F1029&amp;portal=%7B%22name%22%3A+%22NFPS%22%2C+%22parental%22%3A+%22false%22%2C+%22url%22%3A+%22http%3A%2F%2Fportal.iptvprivateserver.tv%22%2C+%22mac%22%3A+%2200%3A1A%3A78%3AA2%3A70%3A47%22%2C+%22serial%22%3A+%7B%22custom%22%3A+false%7D%2C+%22password%22%3A+%220000%22%7D&amp;mode=play&amp;logo_url=http%3A%2F%2Fportal.iptvprivateserver.tv%2Fstalker_portal%2Fmisc%2Flogos%2F320%2F609.png&quot;)</favourite>
</favourites>
