﻿<?xml version="1.0" encoding="utf-8" standalone="yes"?>

<channel>
<items>


<item>
<title>[COLOR yellow][B]TV - Hải Ngoại[/B][/COLOR]</title>
<link>https://googledrive.com/host/0B7zkkQwo5pr5MzM2MVNQZmZyZUU/tvhaingoai.xml</link>
<thumbnail>https://googledrive.com/host/0B7zkkQwo5pr5fjVUZG5MRkhFalRKTHF0T0poZnd6aTZUbmx1ZDZWMkwtR3FHZFhtdTB4TTQ/tvhaingoai.png</thumbnail>
</item>

<item>
<title>[COLOR yellow][B]TV - UNO IPTV[/B][/COLOR]</title>
<link>https://googledrive.com/host/0B7zkkQwo5pr5MzM2MVNQZmZyZUU/uno.xml</link>
<thumbnail>https://googledrive.com/host/0B7zkkQwo5pr5fjVUZG5MRkhFalRKTHF0T0poZnd6aTZUbmx1ZDZWMkwtR3FHZFhtdTB4TTQ/uno1.png</thumbnail>
</item>

<item>
<title>[COLOR yellow][B]TV - Trong Nước[/B][/COLOR]</title>
<link>https://googledrive.com/host/0B7zkkQwo5pr5MzM2MVNQZmZyZUU/tvtrongnuoc.xml</link>
<thumbnail>https://googledrive.com/host/0B7zkkQwo5pr5fjVUZG5MRkhFalRKTHF0T0poZnd6aTZUbmx1ZDZWMkwtR3FHZFhtdTB4TTQ/tvtrongnuoc.png</thumbnail>
</item>

<item>
<title>[COLOR yellow][B]TV - U.S.A[/B][/COLOR]</title>
<link>https://googledrive.com/host/0B7zkkQwo5pr5MzM2MVNQZmZyZUU/tvusa.xml</link>
<thumbnail>https://googledrive.com/host/0B7zkkQwo5pr5fjVUZG5MRkhFalRKTHF0T0poZnd6aTZUbmx1ZDZWMkwtR3FHZFhtdTB4TTQ/tvusa.png</thumbnail>
</item>

<item>
<title>[COLOR yellow][B]Việt - TV[/B][/COLOR]</title>
<link>https://googledrive.com/host/0B7zkkQwo5pr5MzM2MVNQZmZyZUU/viettv.xml</link>
<thumbnail>https://googledrive.com/host/0B7zkkQwo5pr5fjVUZG5MRkhFalRKTHF0T0poZnd6aTZUbmx1ZDZWMkwtR3FHZFhtdTB4TTQ/othertv.png</thumbnail>
</item>

<item>
<title>[COLOR yellow][B]TV - Thế Giới[/B][/COLOR]</title>
<link>https://googledrive.com/host/0B7zkkQwo5pr5MzM2MVNQZmZyZUU/tvworld.xml</link>
<thumbnail>https://googledrive.com/host/0B7zkkQwo5pr5fjVUZG5MRkhFalRKTHF0T0poZnd6aTZUbmx1ZDZWMkwtR3FHZFhtdTB4TTQ/worldtv.png</thumbnail>
</item>

<item>
<title>[COLOR yellow][B]TV - ÂM NHẠC[/B][/COLOR]</title>
<link>https://googledrive.com/host/0B7zkkQwo5pr5MzM2MVNQZmZyZUU/kenhamnhac.xml</link>
<thumbnail>https://googledrive.com/host/0B7zkkQwo5pr5fjVUZG5MRkhFalRKTHF0T0poZnd6aTZUbmx1ZDZWMkwtR3FHZFhtdTB4TTQ/kenhamnhac.png</thumbnail>
</item>

<item>
<title>[COLOR yellow][B]TV - THỂ THAO[/B][/COLOR]</title>
<link>https://googledrive.com/host/0B7zkkQwo5pr5MzM2MVNQZmZyZUU/kenhthethao.xml</link>
<thumbnail>https://googledrive.com/host/0B7zkkQwo5pr5fjVUZG5MRkhFalRKTHF0T0poZnd6aTZUbmx1ZDZWMkwtR3FHZFhtdTB4TTQ/kenhthethao.png</thumbnail>
</item>

<item>
<title>[COLOR yellow][B]Radio - FM[/B][/COLOR]</title>
<link>https://googledrive.com/host/0B7zkkQwo5pr5MzM2MVNQZmZyZUU/radio.xml</link>
<thumbnail>https://googledrive.com/host/0B7zkkQwo5pr5fjVUZG5MRkhFalRKTHF0T0poZnd6aTZUbmx1ZDZWMkwtR3FHZFhtdTB4TTQ/radio.png</thumbnail>
</item>

<item>
<title>[COLOR yellow][B]Thiếu Nhi - Kids Place[/B][/COLOR]</title>
<link>https://googledrive.com/host/0B7zkkQwo5pr5MzM2MVNQZmZyZUU/kenhthieunhi.xml</link>
<thumbnail>https://googledrive.com/host/0B7zkkQwo5pr5fjVUZG5MRkhFalRKTHF0T0poZnd6aTZUbmx1ZDZWMkwtR3FHZFhtdTB4TTQ/kenhthieunhi.png</thumbnail>
</item>

<item>
<title>[COLOR yellow][B]Video Music - Ca Nhạc[/B][/COLOR]</title>
<link>https://googledrive.com/host/0B7zkkQwo5pr5MzM2MVNQZmZyZUU/music.xml</link>
<thumbnail>https://googledrive.com/host/0B7zkkQwo5pr5fjVUZG5MRkhFalRKTHF0T0poZnd6aTZUbmx1ZDZWMkwtR3FHZFhtdTB4TTQ/videomusic.png</thumbnail>
</item>

<item>
<title>[COLOR yellow][B]Movies - Phim Truyện[/B][/COLOR]</title>
<link>https://googledrive.com/host/0B7zkkQwo5pr5MzM2MVNQZmZyZUU/movies.xml</link>
<thumbnail>https://googledrive.com/host/0B7zkkQwo5pr5fjVUZG5MRkhFalRKTHF0T0poZnd6aTZUbmx1ZDZWMkwtR3FHZFhtdTB4TTQ/phimle.png</thumbnail>
</item>

<item>
<title>[COLOR yellow][B]Tin Tức Mỗi Ngày[/B][/COLOR]</title>
<link>https://googledrive.com/host/0B7zkkQwo5pr5MzM2MVNQZmZyZUU/tintuc.xml</link>
<thumbnail>https://googledrive.com/host/0B7zkkQwo5pr5fjVUZG5MRkhFalRKTHF0T0poZnd6aTZUbmx1ZDZWMkwtR3FHZFhtdTB4TTQ/tintuc.png</thumbnail>
</item>

<item>
<title>[COLOR yellow][COLOR yellow][B]Du Lịch - Khám Phá[/B][/COLOR]</title>
<link>https://googledrive.com/host/0B7zkkQwo5pr5MzM2MVNQZmZyZUU/dulich.xml</link>
<thumbnail>https://googledrive.com/host/0B7zkkQwo5pr5fjVUZG5MRkhFalRKTHF0T0poZnd6aTZUbmx1ZDZWMkwtR3FHZFhtdTB4TTQ/dulich1.png</thumbnail>
</item>

<item>
<title>[COLOR yellow][B]Giải Trí Tổng Hợp[/B][/COLOR]</title>
<link>https://googledrive.com/host/0B7zkkQwo5pr5MzM2MVNQZmZyZUU/tonghop.xml</link>
<thumbnail>https://googledrive.com/host/0B7zkkQwo5pr5fjVUZG5MRkhFalRKTHF0T0poZnd6aTZUbmx1ZDZWMkwtR3FHZFhtdTB4TTQ/tvshow1.png</thumbnail>
</item>

<item>
<title>[COLOR yellow][B]Karaoke[/B][/COLOR]</title>
<link>https://googledrive.com/host/0B7zkkQwo5pr5MzM2MVNQZmZyZUU/karaoke.xml</link>
<thumbnail>https://googledrive.com/host/0B7zkkQwo5pr5fjVUZG5MRkhFalRKTHF0T0poZnd6aTZUbmx1ZDZWMkwtR3FHZFhtdTB4TTQ/karaoke.png</thumbnail>
</item>

<item>
<title>[COLOR yellow][B]Youtube - Dailymotion[/B][/COLOR]</title>
<link>https://googledrive.com/host/0B7zkkQwo5pr5MzM2MVNQZmZyZUU/search.xml</link>
<thumbnail>https://googledrive.com/host/0B7zkkQwo5pr5fjVUZG5MRkhFalRKTHF0T0poZnd6aTZUbmx1ZDZWMkwtR3FHZFhtdTB4TTQ/search.png</thumbnail>
</item>

<item>
<title>[COLOR yellow][B]Testing Channels[/B][/COLOR]</title>
<link>https://googledrive.com/host/0B7zkkQwo5pr5MzM2MVNQZmZyZUU/testing.xml</link>
<thumbnail>https://googledrive.com/host/0B7zkkQwo5pr5fjVUZG5MRkhFalRKTHF0T0poZnd6aTZUbmx1ZDZWMkwtR3FHZFhtdTB4TTQ/testing.png</thumbnail>
</item>



</items>
</channel>

























