<?xml version="1.0" encoding="UTF-8" standalone="yes"?>
<addon id="plugin.video.fantastic" version="2.4.1" name="Fantastic" provider-name="Firestickplusman">
	<requires>
		<import addon="xbmc.python" version="2.19.0" />
		<import addon="script.module.fantastic" />
		<import addon="script.fantastic.artwork" version="1.0.0" />
		<import addon="script.fantastic.metadata" version="0.0.0" />
		<import addon="script.module.urlresolver" version="3.0.0" />
		<import addon="script.module.metahandler" version="1.0.0" />
		<import addon="script.module.requests" />
	</requires>
	<extension point="xbmc.python.pluginsource" library="fantastic.py">
		<provides>video</provides>
	</extension>
	<extension point="xbmc.service" library="service.py" start="startup" />
	<extension point="xbmc.addon.metadata">
		<summary lang="en">fantastic</summary>
		<description lang="en">[COLOR blue]A New Fantastic Movies and TV. This addon does not form part of the Kodi Media Centre. Please do not seek assistance with this addon from any of the Official Kodi Support Channels. The author does not host any of the content in this addon and takes no responsibility for content found[/COLOR].</description>
		<platform>all</platform>
		<license>GNU GENERAL PUBLIC LICENSE. Version 3, 29 June 2007</license>
		<forum></forum>
		<website></website>
		<source></source>
		<disclaimer lang="en">The author of this addon do not host any of the content which is found and have no affiliation with any of the content providers. This addon simply searches websites for content. Use at your own risk!</disclaimer>
		<disclaimer lang="hr">Autor ovog dodatka ne posjeduje bilo kakav sadržaj koji je pronađen i nije povezan sa bilo kojim izvorom sadržaja. Ovaj dodatak samo pretražuje sadržaj na web stranicama. Koristite ga na vlastitu odgovornost!</disclaimer>
		<disclaimer lang="he">מחבר ההרחבה זה אינו מארח את התוכן שיתכן ויימצא ואין לו זיקה לאף אחד מספקי התוכן. הרחבה רק מחפשת תוכן שקיים באתרי אינטרנט. השימוש בהרחבה הוא על אחריותך בלבד!</disclaimer>
		<assets>
			<icon>icon.png</icon>
			<fanart>fanart.jpg</fanart>
    			<screenshot>resources/screenshots/screenshot-01.jpg</screenshot>
    			<screenshot>resources/screenshots/screenshot-02.jpg</screenshot>
    			<screenshot>resources/screenshots/screenshot-03.jpg</screenshot>
		</assets>
		<news></news>
	</extension>
</addon>
