<?xml version="1.0" encoding="UTF-8" standalone="yes"?>
<addon id="plugin.video.accessasiatv" name="*[COLOR yellow]Accessasia-TV[/COLOR]" version="1.5" provider-name="Vinh Computer Repair">
<requires> 
	<import addon="xbmc.python" version="2.1.0"/>   
</requires>
<extension point="xbmc.python.pluginsource" library="default.py"/>
  <extension point="xbmc.addon.metadata">
    <summary>Danasyentertainment.com</summary>
    <description>Watch a top selection of 10 Vietnamese TV channels at Accessasia.tv</description>
<disclaimer>This add-on is streamming video from Accessasia.tv.  This is not responsible for the accuracy, compliance, copyright, legality, decency, or any other aspect of the content of Accessasia.tv and the other sites. If you have any legal issues please contact appropriate media file owners / hosters</disclaimer>
    <platform>all</platform>
  </extension>
</addon>
