<favourites>
	<favourite name="[COLOR red]SEARCH[/COLOR]" thumb="https://raw.githubusercontent.com/vinhcomp/xml/master/repository.vinh/movieshd.png">ActivateWindow(10025,&quot;plugin://plugin.video.youtube/kodion/search/list/&quot;,return)</favourite>
	<favourite name="[COLOR ffff0000][LIVE][/COLOR] TV hải ngoại" thumb="http://www.sbtn.tv/sites/default/files/dsc_0244_0.jpg">ActivateWindow(10025,&quot;plugin://plugin.video.kodi4vn.launcher/dir/383908563&quot;,return)</favourite>
	<favourite name="[COLOR ffff0000][LIVE][/COLOR] TV trong nước &amp; hải ngoại" thumb="https://docs.google.com/drawings/d/104VQ6OoM5iNrO3rhad7ZTdyBTtkvWtm8oU7da5RwASo/pub?w=256&amp;h=256&amp;v=4">ActivateWindow(10025,&quot;plugin://plugin.video.thongld.vnplaylist/section/936681586@1zL6Kw4ZGoNcIuW9TAlHWZrNIJbDU5xHTtz-o8vpoJss/%5BB%5D%5BCOLOR+yellow%5DTRUY%E1%BB%80N+H%C3%8CNH+AIO+-+Trong+n%C6%B0%E1%BB%9Bc+v%C3%A0+H%E1%BA%A3i+ngo%E1%BA%A1i%5B%2FCOLOR%5D%5B%2FB%5D&quot;,return)</favourite>
	<favourite name="[COLOR orange]Kho Phim 1[/COLOR]" thumb="https://docs.google.com/drawings/d/1Lj4bt4bF1rw1aeNCT5C2qQUf36GQK9aogSMq0rSLkQo/pub?w=256&amp;h=256">ActivateWindow(10025,&quot;plugin://plugin.video.thongld.vnplaylist/section/1913223107@1zL6Kw4ZGoNcIuW9TAlHWZrNIJbDU5xHTtz-o8vpoJss/%5BCOLOR+yellow%5DKHO+PHIM+%28Thuy%E1%BA%BFt+Minh%2C+Vietsub%29%5B%2FCOLOR%5D&quot;,return)</favourite>
	<favourite name="[COLOR orange]Kho Phim 2[/COLOR]" thumb="https://vignette.wikia.nocookie.net/phobia/images/b/b2/Movie.jpg/revision/latest?cb=20171109102106">ActivateWindow(10025,&quot;plugin://plugin.video.xshare/?fanart=C%3a%5cUsers%5cVinh%5cAppData%5cRoaming%5cKodi%5caddons%5cplugin.video.xshare%2ffanart.jpg&amp;img=C%3a%5cUsers%5cVinh%5cAppData%5cRoaming%5cKodi%5cuserdata%5caddon_data%5cplugin.video.xshare%5cicon%5cserverphimkhac.png&amp;mode=88&amp;name=%5bCOLOR%20orange%5dKho%20c%c3%a1c%20server%20kh%c3%a1c%20(Free%20Servers)%5b%2fCOLOR%5d&amp;page=0&amp;query=FRE&amp;url=FRE&quot;,return)</favourite>	
	<favourite name="[COLOR orange]Kho Phim 3[/COLOR]" thumb="https://docs.google.com/drawings/d/1JRt7GI2fuDhG3rO0v1EiAFJjEKowj5Bwxr-h_eDS3bE/pub?w=256&amp;h=256">ActivateWindow(10025,&quot;plugin://plugin.video.kodi4vn.launcher/dir/510303552&quot;,return)</favourite>
	<favourite name="[COLOR orange]Kho Phim 4[/COLOR]" thumb="https://vignette.wikia.nocookie.net/phobia/images/b/b2/Movie.jpg/revision/latest?cb=20171109102106">StartAndroidActivity(&quot;com.aphim.tv&quot;)</favourite>	
	<favourite name="[COLOR yellow]Phim Việt Nam[/COLOR]" thumb="https://raw.githubusercontent.com/vinhcomp/xml/master/repository.vinh/movieshd.png">ActivateWindow(10025,&quot;plugin://plugin.video.youtube/kodion/search/query/?q=phim%20viet%20nam&quot;,return)</favourite>
	<favourite name="[COLOR yellow]Phim Lẻ[/COLOR]" thumb="https://raw.githubusercontent.com/vinhcomp/xml/master/repository.vinh/movieshd.png">ActivateWindow(10025,&quot;plugin://plugin.video.youtube/kodion/search/query/?q=phim%20le&quot;,return)</favourite>
	<favourite name="[COLOR yellow]Phim Bộ[/COLOR]" thumb="https://raw.githubusercontent.com/vinhcomp/xml/master/repository.vinh/movieshd.png">ActivateWindow(10025,&quot;plugin://plugin.video.youtube/kodion/search/query/?q=phim%20bo&quot;,return)</favourite>
	<favourite name="[COLOR yellow]Phim Hokong[/COLOR]" thumb="https://raw.githubusercontent.com/vinhcomp/xml/master/repository.vinh/movieshd.png">ActivateWindow(10025,&quot;plugin://plugin.video.youtube/kodion/search/query/?q=phim%20hongkong&quot;,return)</favourite>
	<favourite name="[COLOR yellow]Phim Hàn Quốc[/COLOR]" thumb="https://raw.githubusercontent.com/vinhcomp/xml/master/repository.vinh/movieshd.png">ActivateWindow(10025,&quot;plugin://plugin.video.youtube/kodion/search/query/?q=phim%20han%20quoc&quot;,return)</favourite>
	<favourite name="[COLOR yellow]Phim Thái Lan[/COLOR]" thumb="https://raw.githubusercontent.com/vinhcomp/xml/master/repository.vinh/movieshd.png">ActivateWindow(10025,&quot;plugin://plugin.video.youtube/kodion/search/query/?q=phim%20thai%20lan&quot;,return)</favourite>
	<favourite name="[COLOR yellow]Phim Ấn Độ[/COLOR]" thumb="https://raw.githubusercontent.com/vinhcomp/xml/master/repository.vinh/movieshd.png">ActivateWindow(10025,&quot;plugin://plugin.video.youtube/kodion/search/query/?q=phim%20an%20do&quot;,return)</favourite>
	<favourite name="[COLOR yellow]Phim Đài Loan[/COLOR]" thumb="https://raw.githubusercontent.com/vinhcomp/xml/master/repository.vinh/movieshd.png">ActivateWindow(10025,&quot;plugin://plugin.video.youtube/kodion/search/query/?q=phim%20dai%20loan&quot;,return)</favourite>
	<favourite name="[COLOR yellow]Du Lịch Việt Nam[/COLOR]" thumb="https://raw.githubusercontent.com/vinhcomp/xml/master/repository.vinh/movieshd.png">ActivateWindow(10025,&quot;plugin://plugin.video.youtube/kodion/search/query/?q=du%20lich%20viet%20nam&quot;,return)</favourite>
	<favourite name="[COLOR yellow]Du Lịch Thế Giới[/COLOR]" thumb="https://raw.githubusercontent.com/vinhcomp/xml/master/repository.vinh/movieshd.png">ActivateWindow(10025,&quot;plugin://plugin.video.youtube/kodion/search/query/?q=du%20lich%20the%20gioi&quot;,return)</favourite>
	<favourite name="[COLOR yellow]Du Lịch Miền Tây[/COLOR]" thumb="https://raw.githubusercontent.com/vinhcomp/xml/master/repository.vinh/movieshd.png">ActivateWindow(10025,&quot;plugin://plugin.video.youtube/kodion/search/query/?q=du%20lich%20mien%20tay&quot;,return)</favourite>
	<favourite name="[COLOR yellow]Du Miền Bắc[/COLOR]" thumb="https://raw.githubusercontent.com/vinhcomp/xml/master/repository.vinh/movieshd.png">ActivateWindow(10025,&quot;plugin://plugin.video.youtube/kodion/search/query/?q=du%20lich%20mien%20bac&quot;,return)</favourite>
	<favourite name="[COLOR yellow]Tết Việt Nam[/COLOR]" thumb="https://raw.githubusercontent.com/vinhcomp/xml/master/repository.vinh/movieshd.png">ActivateWindow(10025,&quot;plugin://plugin.video.youtube/kodion/search/query/?q=tet%20viet%20nam&quot;,return)</favourite>
	<favourite name="[COLOR yellow]Nhạc Việt Nam[/COLOR]" thumb="https://raw.githubusercontent.com/vinhcomp/xml/master/repository.vinh/movieshd.png">ActivateWindow(10025,&quot;plugin://plugin.video.youtube/kodion/search/query/?q=nhac%20viet%20nam&quot;,return)</favourite>
	<favourite name="[COLOR yellow]Nhạc Bolero[/COLOR]" thumb="https://raw.githubusercontent.com/vinhcomp/xml/master/repository.vinh/movieshd.png">ActivateWindow(10025,&quot;plugin://plugin.video.youtube/kodion/search/query/?q=nhac%20bolero&quot;,return)</favourite>
	<favourite name="[COLOR yellow]Nhạc Trẻ[/COLOR]" thumb="https://raw.githubusercontent.com/vinhcomp/xml/master/repository.vinh/movieshd.png">ActivateWindow(10025,&quot;plugin://plugin.video.youtube/kodion/search/query/?q=nhac%20tre&quot;,return)</favourite>
	<favourite name="[COLOR yellow]Cải Lương[/COLOR]" thumb="https://raw.githubusercontent.com/vinhcomp/xml/master/repository.vinh/movieshd.png">ActivateWindow(10025,&quot;plugin://plugin.video.youtube/kodion/search/query/?q=cai%20luong&quot;,return)</favourite>
	<favourite name="[COLOR yellow]Gameshow[/COLOR]" thumb="https://raw.githubusercontent.com/vinhcomp/xml/master/repository.vinh/movieshd.png">ActivateWindow(10025,&quot;plugin://plugin.video.youtube/kodion/search/query/?q=gameshow%20vietnam&quot;,return)</favourite>
</favourites>