<?xml version="1.0" encoding="UTF-8" standalone="yes"?>
<addon id="plugin.video.fptplay" name="Fpt Play" version="1.4" provider-name="repository.cxkodi.com">
  <requires>
    <import addon="xbmc.python" version="2.1.0"/>
    <import addon="script.module.xbmcswift2" version="2.4.0"/>
  </requires>
  <extension point="xbmc.python.pluginsource" library="addon.py">
    <provides>video</provides>
  </extension>
  <extension point="xbmc.service"
			library="start.py" start="startup">
  </extension>
  <extension point="xbmc.addon.metadata">
    <platform>all</platform>
    <language></language>
    <summary>Fpt Play For Kodi/Xmbc</summary>
    <description>Fpt Play For Kodi/Xmbc</description>
  </extension>
</addon>
