<?xml version="1.0" encoding="UTF-8" standalone="yes"?>
<addon
  id="plugin.video.vinh.maintenance"
  version="0.0.5"
  name=" [COLOR lime][/COLOR][COLOR yellow]Vinh-Maintenance[/COLOR]"
  provider-name="VinhComp">
  <requires>
    <import addon="xbmc.python" version="2.1.0" />
    <import addon="script.module.kodi4vn" version="0.0.7" />
    <import addon="plugin.video.youtube" version="4.4.1" />
    <import addon="script.module.httplib2" version="0.1" />
    <import addon="service.kodi4vn.iptvproxy" version="0.1" />
    <import addon="service.kodi4vn.maintenance" version="0.1" />
	<import addon="plugin.video.videodevil" version="1.7.172" />
	<import addon="script.module.requests" /> 
	<import addon="script.module.simplejson" />
	<import addon="script.module.beautifulsoup" />
	<import addon="script.module.resolveurl" />
	<import addon="script.module.kodiswift" />
    <import addon="script.module.kodi-six" />
    <import addon="script.module.kodi4vn" version="1.0" />
    <import addon="script.module.cfscrape" />
    <import addon="script.module.urlresolver" />
    <import addon="script.module.futures" />
	<import addon="script.module.js2py" />
  </requires>
  <extension point="xbmc.python.pluginsource" library="vinhmaintenance.py" />
  <extension point="xbmc.addon.metadata">
    <summary>Media Center cho người Việt</summary>
    <description>Addon này được chỉnh sửa nội dung từ addon [COLOR yellow]VN Open Playlist[/COLOR] của tác giả [COLOR blue]thongld[/COLOR] - Xin cảm ơn tác giả [COLOR blue]thongld[/COLOR]</description>
    <platform>all</platform>
  </extension>
</addon>