<?xml version="1.0" encoding="UTF-8" standalone="yes"?>
<addon
  id="plugin.video.phimclipvn"
  version="1.4.1"
  name="*[COLOR yellow]Phim-ClipVN[/COLOR]"
  provider-name="Vinh Modded from Thong">
  <requires>
    <import addon="xbmc.python" version="2.1.0"/>
		<import addon="script.module.urlresolver" version="0.0.1"/>
  </requires>
  <extension point="xbmc.python.module" library="default.py" />
  <extension point="xbmc.addon.metadata">
    <summary>Clip.vn</summary>
    <description>Watch free Clip.vn (Vietnamese) Videos</description>
    <platform>all</platform>
  </extension>
</addon>