<favourites>
	<favourite name="[COLOR red][LIVE] [/COLOR][COLOR lime]SPORTS - MOVIES - TV SHOWS[/COLOR]" thumb="http://www.getfreefromcable.com/wp-content/uploads/2016/03/Screen-Shot-2016-10-12-at-10.42.12-PM-1024x795.png">StartAndroidActivity(&quot;com.mobdro.android&quot;)</favourite>
	<favourite name="[COLOR red]FIREFOX BROWSER[/COLOR]" thumb="https://www.newsient.com/wp-content/uploads/2017/06/Chrome-Ad-Blocker-vs-Mozilla-Tracking-Protection.png">StartAndroidActivity(&quot;org.mozilla.tv.firefox&quot;)</favourite>
	<favourite name="[COLOR orange]SILK BROWSER[/COLOR]" thumb="https://tctechcrunch2011.files.wordpress.com/2017/11/silk-browser-logo.png">StartAndroidActivity(&quot;com.amazon.cloud9&quot;)</favourite>
	<favourite name="[COLOR yellow]YouTube 1[/COLOR]" thumb="special://home/addons\plugin.video.youtube\icon.png">ActivateWindow(10025,&quot;plugin://plugin.video.youtube/&quot;,return)</favourite>
	<favourite name="[COLOR yellow]YouTube 2[/COLOR]" thumb="http://icons.veryicon.com/ico/Internet%20%26%20Web/Simple%20Rounded%20Social/youtube.ico">StartAndroidActivity(&quot;org.chromium.youtube_apk&quot;)</favourite>
	<favourite name="[COLOR yellow]YouTube 3[/COLOR]" thumb="http://www.iconarchive.com/download/i98467/dakirby309/simply-styled/YouTube.ico">StartAndroidActivity(&quot;com.google.android.youtube.tv&quot;)</favourite>
	
</favourites>